id,日期,录播来源,录播片段编号,起始时间点,结束时间点,歌名,中文歌名,原曲艺术家,演唱者,演唱状态,语言,备注,参考路灯man,有没有音频,切片源,有没有第二版本,,
A000001,2020.12.11,,,0,229944, 歌曲串烧,,,"珈乐",完整, 汉语,,,TRUE,,FALSE,,
A000002,2020.12.12,,,0,245904, 万有引力1.0,,,"嘉然",完整, 汉语,,,TRUE,,FALSE,,
A000003,2020.12.23,,,0,111480, 天使にふれたよ!,,,"向晚",完整, 日语,,,TRUE,,FALSE,,
A000004,2020.12.25,,,0,239616, ふわふわ時間,,,"向晚",完整, 日语,,,TRUE,,FALSE,,
A000005,2020.12.25,,,0,235056, 云烟成雨,,,"珈乐",完整, 汉语,,,TRUE,,FALSE,,
A000006,2020.12.25,,,0,247728, 小手拉大手,,,"乃琳",完整, 汉语,,,TRUE,,FALSE,,
A000007,2020.12.26,,,0,224064, 万有引力2.0,,,"向晚,嘉然",完整, 汉语,,,TRUE,,FALSE,,
A000008,2020.12.26,,,0,103728, 恋愛サーキュレーショ,,,"向晚,嘉然",完整, 日语,,,TRUE,,FALSE,,
A000009,2020.12.26,,,0,209400, 爱你,,,"向晚,嘉然",完整, 汉语,,,TRUE,,FALSE,,
A000010,2020.12.27,,,0,295344, 七里香,,,"珈乐",完整, 汉语,,,TRUE,,FALSE,,
A000011,2020.12.27,,,0,319920, 云烟成雨2.0,,,"珈乐",完整, 汉语,,,TRUE,,FALSE,,
A000012,2020.12.27,,,0,212184, 囍,,,"珈乐",完整, 汉语,,,TRUE,,FALSE,,
A000013,2020.12.27,,,0,240336, 大笨钟,,,"珈乐",完整, 汉语,,,TRUE,,FALSE,,
A000014,2020.12.27,,,0,175128, 快乐小神仙,,,"珈乐",完整, 汉语,,,TRUE,,FALSE,,
A000015,2020.12.27,,,0,259656, 我喜欢,,,"珈乐",完整, 汉语,,,TRUE,,FALSE,,
A000016,2020.12.27,,,0,149976, 我要你,,,"珈乐",完整, 汉语,,,TRUE,,FALSE,,
A000017,2020.12.27,,,0,192312, 溯,,,"珈乐",完整, 汉语,,,TRUE,,FALSE,,
A000018,2020.12.27,,,0,245304, 爱之初体验,,,"珈乐",完整, 汉语,,,TRUE,,FALSE,,
A000019,2020.12.27,,,0,194928, 爱情派对,,,"珈乐",完整, 汉语,,,TRUE,,FALSE,,
A000020,2020.12.27,,,0,208752, 飞鸟和蝉,,,"珈乐",完整, 汉语,,,TRUE,,FALSE,,
A000021,2020.12.30,,,0,240984, 不可思议,,,"嘉然",完整, 汉语,,,TRUE,,FALSE,,
A000022,2020.12.30,,,0,182976, 勾指起誓,,,"嘉然",完整, 汉语,,,TRUE,,FALSE,,
A000023,2020.12.31,,,0,174816, 下山,,,"珈乐",完整, 汉语,,,TRUE,,FALSE,,
A000024,2020.12.31,,,0,249048, 小手拉大手2.0,,,"乃琳",完整, 汉语,,,TRUE,,FALSE,,
A000025,2020.12.31,,,0,155088, 我要你 2.0,,,"珈乐",完整, 汉语,,,TRUE,,FALSE,,
A000026,2020.12.31,,,0,238872, 棠梨煎雪,,,"乃琳",完整, 汉语,,,TRUE,,FALSE,,
A000027,2020.12.31,,,0,248448, 那么骄傲,,,"珈乐",完整, 汉语,,,TRUE,,FALSE,,
A000028,2021.01.03,,,0,282672, 爱你 2.0,,,"向晚,嘉然",完整, 汉语,,,TRUE,,FALSE,,
A000029,2021.01.06,,,0,160656, 好想你,,,"向晚,嘉然",完整, 汉语,,,TRUE,,FALSE,,
A000030,2021.01.06,,,0,185976, 青柠,,,"向晚,嘉然",完整, 日语,,,TRUE,,FALSE,,
A000031,2021.01.08,,,0,152736, 恋愛サーキュレーション2.0,,,"向晚",完整, 日语,,,TRUE,,FALSE,,
A000032,2021.01.08,,,0,183984, 爱的魔法,,,"乃琳",完整, 汉语,,,TRUE,,FALSE,,
A000033,2021.01.08,,,0,292704, 逝去的歌,,,"珈乐",完整, 汉语,,,TRUE,,FALSE,,
A000034,2021.01.09,,,0,100992, 夏天的风,,,"乃琳",完整, 汉语,,,TRUE,,FALSE,,
A000035,2021.01.09,,,0,149016, 我要你,,,"乃琳",完整, 汉语,,,TRUE,,FALSE,,
A000036,2021.01.09,,,0,254016, 棠梨煎雪2.0,,,"乃琳",完整, 汉语,,,TRUE,,FALSE,,
A000037,2021.01.10,,,0,261312, 爱的华尔兹,,,"嘉然",完整, 汉语,,,TRUE,,FALSE,,
A000038,2021.01.14,,,0,143808, 星屑ビーナス,,,"贝拉",完整, 日语,,,TRUE,,FALSE,,
A000039,2021.01.14,,,0,143304, 星屑ビーナス2.0,,,"贝拉",完整, 日语,,,TRUE,,FALSE,,
A000040,2021.01.15,,,0,253680, 十万毫升泪水,,,"珈乐",完整, 汉语,,,TRUE,,FALSE,,
A000041,2021.01.15,,,0,166680, 暖暖,,,"乃琳",完整, 汉语,,,TRUE,,FALSE,,
A000042,2021.01.16,,,0,262560, 忽然之间,,,"乃琳",完整, 汉语,,,TRUE,,FALSE,,
A000043,2021.01.16,,,0,312984, 水星记 2.0,,,"乃琳",完整, 汉语,,,TRUE,,FALSE,,
A000044,2021.01.16,,,0,315600, 水星记,,,"乃琳",完整, 汉语,,,TRUE,,FALSE,,
A000045,2021.01.16,,,0,233544, 陪我长大,,,"乃琳",完整, 汉语,,,TRUE,,FALSE,,
A000046,2021.01.22,,,0,180648, Fly Me To The Moon,,,"贝拉",完整, 英语,,,TRUE,,FALSE,,
A000047,2021.01.22,,,0,232440, 素颜,,,"珈乐,嘉然",完整, 汉语,,,TRUE,,FALSE,,
A000048,2021.01.22,,,0,177240, 马马嘟嘟骑,,,"珈乐",完整, 汉语,,,TRUE,,FALSE,,
A000049,2021.01.23,,,0,327792, 勇气,,,"乃琳",完整, 汉语,,,TRUE,,FALSE,,
A000050,2021.01.23,,,0,246312, 喜欢你,,,"乃琳",完整, 汉语,,,TRUE,,FALSE,,
A000051,2021.01.23,,,0,289272, 我喜欢,,,"乃琳",完整, 汉语,,,TRUE,,FALSE,,
A000052,2021.01.23,,,0,286680, 我喜欢2.0,,,"乃琳",完整, 汉语,,,TRUE,,FALSE,,
A000053,2021.01.23,,,0,197328, 我多喜欢你，你会知道,,,"乃琳",完整, 汉语,,,TRUE,,FALSE,,
A000054,2021.01.24,,,0,238656, 万有引力 2.5,,,"向晚",完整, 汉语,,,TRUE,,FALSE,,
A000055,2021.01.24,,,0,182928, 青柠 2.0,,,"向晚",完整, 日语,,,TRUE,,FALSE,,
A000056,2021.01.28,,,0,338904, 鳥の詩,,,"贝拉",完整, 日语,,,TRUE,,FALSE,,
A000057,2021.01.29,,,0,183504, A Little Love,,,"嘉然",完整, 英语,,,TRUE,,FALSE,,
A000058,2021.01.29,,,0,201168, Love Lane,,,"贝拉",完整, 英语,,,TRUE,,FALSE,,
A000059,2021.01.29,,,0,202608, カタオモイ,,,"向晚",完整, 日语,,,TRUE,,FALSE,,
A000060,2021.01.29,,,0,320592, 你啊你啊,,,"珈乐",完整, 汉语,,,TRUE,,FALSE,,
A000061,2021.01.29,,,0,254136, 当你,,,"乃琳",完整, 汉语,,,TRUE,,FALSE,,
A000062,2021.01.30,,,0,188064, A Little Love 2.0,,,"嘉然",完整, 英语,,,TRUE,,FALSE,,
A000063,2021.01.30,,,0,217248, 后会无期 2.0,,,"乃琳",完整, 汉语,,,TRUE,,FALSE,,
A000064,2021.01.30,,,0,212832, 后会无期,,,"乃琳",完整, 汉语,,,TRUE,,FALSE,,
A000065,2021.01.30,,,0,313752, 水星记 3.0,,,"乃琳",完整, 汉语,,,TRUE,,FALSE,,
A000066,2021.01.31,,,0,231720, 有点甜 2.0,,,"向晚,乃琳",完整, 汉语,,,TRUE,,FALSE,,
A000067,2021.01.31,,,0,216912, 有点甜,,,"向晚,乃琳",完整, 汉语,,,TRUE,,FALSE,,
A000068,2021.02.04,,,0,221880, 后会无期 3.0,,,"乃琳",完整, 汉语,,,TRUE,,FALSE,,
A000069,2021.02.05,,,0,175176, 新年快乐,,,"A-SOUL",完整, 汉语,,,TRUE,,FALSE,,
A000070,2021.02.05,,,0,221328, 痒,,,"珈乐",完整, 日语,,,TRUE,,FALSE,,
A000071,2021.02.05,,,0,240168, 霜雪千年,,,"乃琳",完整, 汉语,,,TRUE,,FALSE,,
A000072,2021.02.06,,,0,258432, 宠爱,,,"乃琳",完整, 汉语,,,TRUE,,FALSE,,
A000073,2021.02.06,,,0,234840, 岁月神偷,,,"乃琳",完整, 汉语,,,TRUE,,FALSE,,
A000074,2021.02.06,,,0,288600, 我喜欢 3.0,,,"乃琳",完整, 汉语,,,TRUE,,FALSE,,
A000075,2021.02.06,,,0,234384, 棠梨煎雪 3.0,,,"乃琳",完整, 汉语,,,TRUE,,FALSE,,
A000076,2021.02.14,,,0,286752, 七里香,,,"珈乐,嘉然",完整, 汉语,,,TRUE,,FALSE,,
A000077,2021.02.14,,,0,233088, 万有引力 3.0,,,"嘉然",完整, 汉语,,,TRUE,,FALSE,,
A000078,2021.02.14,,,0,76776, 云烟成雨,,,"向晚",完整, 汉语,,,TRUE,,FALSE,,
A000079,2021.02.14,,,0,141648, 好想你 2.0,,,"向晚",完整, 汉语,,,TRUE,,FALSE,,
A000080,2021.02.14,,,0,246960, 小手拉大手 3.0,,,"乃琳",完整, 汉语,,,TRUE,,FALSE,,
A000081,2021.02.14,,,0,189456, 彩虹,,,"向晚",完整, 汉语,,,TRUE,,FALSE,,
A000082,2021.02.14,,,0,238464, 我喜欢 4.0,,,"乃琳",完整, 汉语,,,TRUE,,FALSE,,
A000083,2021.02.14,,,0,253800, 春风十里,,,"珈乐",完整, 汉语,,,TRUE,,FALSE,,
A000084,2021.02.14,,,0,151560, 爱你[陈芳语],,,"向晚,嘉然",完整, 汉语,,,TRUE,,FALSE,,
A000085,2021.02.14,,,0,97296, 说爱你,,,"向晚",完整, 汉语,,,TRUE,,FALSE,,
A000086,2021.02.15,,,0,282624, Wherever You Are,,,"向晚",完整, 英语,,,TRUE,,FALSE,,
A000087,2021.02.15,,,0,241608, 亲爱的旅人啊,,,"乃琳",完整, 汉语,,,TRUE,,FALSE,,
A000088,2021.02.15,,,0,157392, 小城谣,,,"嘉然",完整, 汉语,,,TRUE,,FALSE,,
A000089,2021.02.15,,,0,297960, 暁の車,,,"贝拉",完整, 日语,,,TRUE,,FALSE,,
A000090,2021.02.15,,,0,237048, 棠梨煎雪 4.0,,,"珈乐,乃琳",完整, 汉语,,,TRUE,,FALSE,,
A000091,2021.02.15,,,0,314640, 水星记 3.5,,,"乃琳",完整, 汉语,,,TRUE,,FALSE,,
A000092,2021.02.15,,,0,316632, 水星记 4.0,,,"乃琳",完整, 汉语,,,TRUE,,FALSE,,
A000093,2021.02.15,,,0,227472, 水母之歌 1.0,,,"向晚",完整, 汉语,,,TRUE,,FALSE,,
A000094,2021.02.15,,,0,178080, 爱你[陈芳语] 2.0,,,"向晚",完整, 汉语,,,TRUE,,FALSE,,
A000095,2021.02.15,,,0,175920, 素敌だね,,,"贝拉",完整, 日语,,,TRUE,,FALSE,,
A000096,2021.02.15,,,0,200112, 芒种,,,"珈乐",完整, 日语,,,TRUE,,FALSE,,
A000097,2021.02.15,,,0,159312, 鱼,,,"向晚",完整, 汉语,,,TRUE,,FALSE,,
A000098,2021.02.16,,,0,212424, A Thousand Years,,,"向晚",完整, 英语,,,TRUE,,FALSE,,
A000099,2021.02.16,,,0,57936, カタオモイ,,,"贝拉",完整, 日语,,,TRUE,,FALSE,,
A000100,2021.02.16,,,0,311040, 水星记,,,"珈乐",完整, 汉语,,,TRUE,,FALSE,,
A000101,2021.02.16,,,0,332808, 素敌だね 2.0,,,"贝拉",完整, 日语,,,TRUE,,FALSE,,
A000102,2021.02.16,,,0,170400, 红昭愿,,,"珈乐,乃琳",完整, 汉语,,,TRUE,,FALSE,,
A000103,2021.02.17,,,0,208008, カタオモイ 2.0,,,"贝拉",完整, 日语,,,TRUE,,FALSE,,
A000104,2021.02.17,,,0,295896, 大鱼,,,"珈乐,乃琳",完整, 汉语,,,TRUE,,FALSE,,
A000105,2021.02.20,,,0,200136, 桃花笑,,,"珈乐",完整, 汉语,,,TRUE,,FALSE,,
A000106,2021.02.24,,,0,216408, 胡广生,,,"珈乐",完整, 汉语,,,TRUE,,FALSE,,
A000107,2021.02.26,,,0,68856, 卖汤圆,,,"向晚",完整, 汉语,,,TRUE,,FALSE,,
A000108,2021.02.26,,,0,112656, 星星,,,"A-SOUL",完整, 汉语,,,TRUE,,FALSE,,
A000109,2021.02.26,,,0,205224, 胭脂妆,,,"乃琳",完整, 汉语,,,TRUE,,FALSE,,
A000110,2021.02.27,,,0,203088, 夜宴风波,,,"贝拉,乃琳",完整, 汉语,,,TRUE,,FALSE,,
A000111,2021.02.27,,,0,313752, 宠爱 2.0,,,"嘉然,乃琳",完整, 汉语,,,TRUE,,FALSE,,
A000112,2021.02.27,,,0,211128, 遇见你的时候所有星星都落到我头上,,,"嘉然",完整, 汉语,,,TRUE,,FALSE,,
A000113,2021.02.28,,,0,106080, Summertime,,,"向晚,嘉然",完整, 英语,,,TRUE,,FALSE,,
A000114,2021.02.28,,,0,69456, The Show,,,"向晚,嘉然",完整, 英语,,,TRUE,,FALSE,,
A000115,2021.02.28,,,0,234936, 旅行的意义,,,"向晚,嘉然",完整, 汉语,,,TRUE,,FALSE,,
A000116,2021.03.03,,,0,243384, 别找我麻烦,,,"珈乐",完整, 汉语,,,TRUE,,FALSE,,
A000117,2021.03.04,,,0,137088, 鸽子,,,"乃琳",完整, 汉语,,,TRUE,,FALSE,,
A000118,2021.03.05,,,0,255216, Butterfly,,,"贝拉",完整, 英语,,,TRUE,,FALSE,,
A000119,2021.03.05,,,0,212568, 同桌的你,,,"A-SOUL",完整, 汉语,,,TRUE,,FALSE,,
A000120,2021.03.06,,,0,242352, Brave Song,,,"向晚",完整, 英语,,,TRUE,,FALSE,,
A000121,2021.03.06,,,0,330552, 你啊你啊 2.0,,,"珈乐",完整, 汉语,,,TRUE,,FALSE,,
A000122,2021.03.06,,,0,256416, 小城谣 2.0,,,"嘉然",完整, 汉语,,,TRUE,,FALSE,,
A000123,2021.03.06,,,0,250512, 梦回环,,,"贝拉",完整, 汉语,,,TRUE,,FALSE,,
A000124,2021.03.07,,,0,180024, 好像掉进爱情海里,,,"嘉然",完整, 汉语,,,TRUE,,FALSE,,
A000125,2021.03.10,,,0,195096, 同桌的你,,,"珈乐",完整, 汉语,,,TRUE,,FALSE,,
A000126,2021.03.10,,,0,94392, 小宇,,,"向晚",完整, 汉语,,,TRUE,,FALSE,,
A000127,2021.03.10,,,0,168672, 我要你 3.0,,,"珈乐",完整, 汉语,,,TRUE,,FALSE,,
A000128,2021.03.10,,,0,80592, 水母之歌 3.0,,,"向晚",完整, 汉语,,,TRUE,,FALSE,,
A000129,2021.03.12,,,0,200472, 忽然之间2.0,,,"珈乐,乃琳",完整, 汉语,,,TRUE,,FALSE,,
A000130,2021.03.13,,,0,46464, 小白船,,,"向晚,乃琳",完整, 汉语,,,TRUE,,FALSE,,
A000131,2021.03.13,,,0,79224, 鸽子 2.0,,,"向晚,乃琳",完整, 汉语,,,TRUE,,FALSE,,
A000132,2021.03.14,,,0,156912, 情非得已,,,"A-SOUL",完整, 汉语,,,TRUE,,FALSE,,
A000133,2021.03.14,,,0,218400, 爱你 3.0,,,"A-SOUL",完整, 汉语,,,TRUE,,FALSE,,
A000134,2021.03.17,,,0,85344, Love Is Gone,,,"向晚",完整, 英语,,,TRUE,,FALSE,,
A000135,2021.03.17,,,0,224352, 云烟成雨 3.0,,,"珈乐",完整, 汉语,,,TRUE,,FALSE,,
A000136,2021.03.17,,,0,126072, 心跳的证明,,,"向晚",完整, 汉语,,,TRUE,,FALSE,,
A000137,2021.03.17,,,0,235608, 棠梨煎雪 5.0,,,"乃琳",完整, 汉语,,,TRUE,,FALSE,,
A000138,2021.03.17,,,0,211008, 理想三旬,,,"珈乐",完整, 汉语,,,TRUE,,FALSE,,
A000139,2021.03.17,,,0,40320, 生日祝福歌,,,"向晚",完整, 汉语,,,TRUE,,FALSE,,
A000140,2021.03.17,,,0,253824, 迷迭香,,,"乃琳",完整, 汉语,,,TRUE,,FALSE,,
A000141,2021.03.19,,,0,240312, わたしの恋はッチキス,,,"向晚",完整, 日语,,,TRUE,,FALSE,,
A000142,2021.03.19,,,0,229536, 陪我长大 2.0,,,"乃琳",完整, 汉语,,,TRUE,,FALSE,,
A000143,2021.03.20,,,0,154032, 咖喱咖喱,,,"乃琳",完整, 汉语,,,TRUE,,FALSE,,
A000144,2021.03.24,,,0,282456, 月半小夜曲,,,"乃琳",完整, 汉语,,,TRUE,,FALSE,,
A000145,2021.03.25,,,0,258336, 十万毫升泪水 2.0,,,"珈乐",完整, 汉语,,,TRUE,,FALSE,,
A000146,2021.03.25,,,0,159240, 我要你 4.0,,,"珈乐",完整, 汉语,,,TRUE,,FALSE,,
A000147,2021.03.25,,,0,272880, 春风十里 2.0,,,"珈乐",完整, 汉语,,,TRUE,,FALSE,,
A000148,2021.03.25,,,0,171528, 桃花笑 2.0,,,"珈乐",完整, 汉语,,,TRUE,,FALSE,,
A000149,2021.03.25,,,0,240600, 爱之初体验 2.0,,,"珈乐",完整, 汉语,,,TRUE,,FALSE,,
A000150,2021.03.26,,,0,179592, 世间美好与你环环相扣,,,"乃琳",完整, 汉语,,,TRUE,,FALSE,,
A000151,2021.03.26,,,0,269736, 春风十里 3.0,,,"珈乐",完整, 汉语,,,TRUE,,FALSE,,
A000152,2021.03.27,,,0,172248, 好像掉进爱情海里 2.0,,,"A-SOUL",完整, 汉语,,,TRUE,,FALSE,,
A000153,2021.03.27,,,0,193296, 爱情派对 2.0,,,"珈乐",完整, 汉语,,,TRUE,,FALSE,,
A000154,2021.04.01,,,0,293088, secret base~君がくれたもの~ 2.0,,,"向早",完整, 日语,,,TRUE,,FALSE,,
A000155,2021.04.01,,,0,213264, 万有引力 4.0,,,"嘉灭",完整, 汉语,,,TRUE,,FALSE,,
A000156,2021.04.01,,,0,233616, 云烟成雨 4.0,,,"珈哭",完整, 汉语,,,TRUE,,FALSE,,
A000157,2021.04.01,,,0,179424, 再见,,,"B-SOUL",完整, 汉语,,,TRUE,,FALSE,,
A000158,2021.04.01,,,0,266016, 冬眠,,,"珈哭,乃壹",完整, 汉语,,,TRUE,,FALSE,,
A000159,2021.04.01,,,0,221280, 后会无期 4.0,,,"乃壹",完整, 汉语,,,TRUE,,FALSE,,
A000160,2021.04.01,,,0,258936, 宠爱 3.0,,,"向早,乃壹",完整, 汉语,,,TRUE,,FALSE,,
A000161,2021.04.01,,,0,242208, 我只在乎你,,,"贝推,珈哭",完整, 汉语,,,TRUE,,FALSE,,
A000162,2021.04.01,,,0,162720, 挥着翅膀的女孩,,,"向早,嘉灭",完整, 汉语,,,TRUE,,FALSE,,
A000163,2021.04.02,,,0,183528, Fly Me To The Moon 2.0,,,"贝拉",完整, 英语,,,TRUE,,FALSE,,
A000164,2021.04.02,,,0,227160, 你的甜蜜,,,"嘉然",完整, 汉语,,,TRUE,,FALSE,,
A000165,2021.04.02,,,0,166344, 圈住你,,,"向晚",完整, 汉语,,,TRUE,,FALSE,,
A000166,2021.04.02,,,0,172440, 失恋阵线联盟,,,"A-SOUL",完整, 汉语,,,TRUE,,FALSE,,
A000167,2021.04.02,,,0,287688, 月半小夜曲 2.0,,,"乃琳",完整, 汉语,,,TRUE,,FALSE,,
A000168,2021.04.02,,,0,93552, 爱河,,,"向晚",完整, 汉语,,,TRUE,,FALSE,,
A000169,2021.04.02,,,0,214704, 红色高跟鞋,,,"珈乐",完整, 汉语,,,TRUE,,FALSE,,
A000170,2021.04.07,,,0,86208, 偏爱,,,"珈乐",完整, 汉语,,,TRUE,,FALSE,,
A000171,2021.04.07,,,0,207336, 桃花朵朵开,,,"珈乐",完整, 汉语,,,TRUE,,FALSE,,
A000172,2021.04.07,,,0,166488, 迷迭香 2.0,,,"乃琳",完整, 汉语,,,TRUE,,FALSE,,
A000173,2021.04.08,,,0,277944, 終わらない詩,,,"贝拉",完整, 日语,,,TRUE,,FALSE,,
A000174,2021.04.08,,,0,270288, 让我轻轻地告诉你,,,"贝拉",完整, 汉语,,,TRUE,,FALSE,,
A000175,2021.04.09,,,0,121416, ヘビーローテーション,,,"贝拉",完整, 日语,,,TRUE,,FALSE,,
A000176,2021.04.09,,,0,261216, 不可思议 2.0,,,"嘉然",完整, 汉语,,,TRUE,,FALSE,,
A000177,2021.04.09,,,0,197760, 好想要牵你的手,,,"乃琳",完整, 汉语,,,TRUE,,FALSE,,
A000178,2021.04.09,,,0,193584, 稍息立正站好,,,"A-SOUL",完整, 汉语,,,TRUE,,FALSE,,
A000179,2021.04.10,,,0,249408, 心愿便利贴,,,"A-SOUL",完整, 汉语,,,TRUE,,FALSE,,
A000180,2021.04.11,,,0,184704, 他不爱我,,,"向晚,乃琳",完整, 汉语,,,TRUE,,FALSE,,
A000181,2021.04.11,,,0,170856, 心愿便利贴 2.0,,,"向晚,乃琳",完整, 汉语,,,TRUE,,FALSE,,
A000182,2021.04.14,,,0,214080, 迷宫,,,"乃琳",完整, 汉语,,,TRUE,,FALSE,,
A000183,2021.04.15,,,0,261816, 不可思议 3.0,,,"嘉然",完整, 汉语,,,TRUE,,FALSE,,
A000184,2021.04.16,,,0,233640, The Lazy Song,,,"向晚",完整, 英语,,,TRUE,,FALSE,,
A000185,2021.04.16,,,0,113184, 晚安喵,,,"向晚,贝拉,乃琳,嘉然",完整, 汉语,,,TRUE,,FALSE,,
A000186,2021.04.16,,,0,251160, 迷迭香 3.0,,,"乃琳",完整, 汉语,,,TRUE,,FALSE,,
A000187,2021.04.18,,,0,78936, 鸽子 3.0,,,"向晚,乃琳",完整, 汉语,,,TRUE,,FALSE,,
A000188,2021.04.22,,,0,239184, 情花,,,"嘉然",完整, 汉语,,,TRUE,,FALSE,,
A000189,2021.04.24,,,0,193128, 夏天的风,,,"向晚,贝拉,嘉然",完整, 汉语,,,TRUE,,FALSE,,
A000190,2021.04.24,,,0,193368, 星星,,,"向晚,贝拉,嘉然",完整, 汉语,,,TRUE,,FALSE,,
A000191,2021.04.28,,,0,170136, 倔强,,,"向晚",完整, 汉语,,,TRUE,,FALSE,,
A000192,2021.04.28,,,0,106392, 我又初恋了,,,"向晚",完整, 汉语,,,TRUE,,FALSE,,
A000193,2021.04.28,,,0,194040, 温柔,,,"向晚",完整, 汉语,,,TRUE,,FALSE,,
A000194,2021.04.28,,,0,351096, 知足,,,"向晚",完整, 汉语,,,TRUE,,FALSE,,
A000195,2021.05.03,,,0,268368, 外面的世界,,,"乃琳",完整, 汉语,,,TRUE,,FALSE,,
A000196,2021.05.04,,,0,123912, 晚安喵 2.0,,,"嘉然",完整, 汉语,,,TRUE,,FALSE,,
A000197,2021.05.07,,,0,166296, 好像掉进爱情海里 3.0,,,"向晚,贝拉,乃琳,嘉然",完整, 汉语,,,TRUE,,FALSE,,
A000198,2021.05.07,,,0,221400, 日不落,,,"乃琳",完整, 汉语,,,TRUE,,FALSE,,
A000199,2021.05.08,,,0,171480, 虫儿飞,,,"向晚,贝拉,乃琳,嘉然",完整, 汉语,,,TRUE,,FALSE,,
A000200,2021.05.09,,,0,212016, 九十九次我爱他,,,"向晚",完整, 汉语,,,TRUE,,FALSE,,
A000201,2021.05.09,,,0,214128, 告白气球,,,"乃琳",完整, 汉语,,,TRUE,,FALSE,,
A000202,2021.05.09,,,0,204504, 爱X无限大,,,"嘉然",完整, 汉语,,,TRUE,,FALSE,,
A000203,2021.05.13,,,0,242712, Wonderful U,,,"贝拉,乃琳",完整, 英语,,,TRUE,,FALSE,,
A000204,2021.05.13,,,0,240624, 亲爱的旅人啊 2.0,,,"贝拉,乃琳",完整, 汉语,,,TRUE,,FALSE,,
A000205,2021.05.13,,,0,227280, 偿还,,,"贝拉,乃琳",完整, 汉语,,,TRUE,,FALSE,,
A000206,2021.05.13,,,0,248664, 被风吹过的夏天,,,"贝拉,乃琳",完整, 汉语,,,TRUE,,FALSE,,
A000207,2021.05.14,,,0,165072, 吵架歌,,,"嘉然,乃琳",完整, 汉语,,,TRUE,,FALSE,,
A000208,2021.05.14,,,0,212664, 牛奶面包,,,"向晚",完整, 汉语,,,TRUE,,FALSE,,
A000209,2021.05.15,,,0,275976, 你不知道的事,,,"向晚,贝拉,乃琳,嘉然",完整, 汉语,,,TRUE,,FALSE,,
A000210,2021.05.15,,,0,200496, 宁夏,,,"向晚,贝拉,乃琳,嘉然",完整, 汉语,,,TRUE,,FALSE,,
A000211,2021.05.16,,,0,234840, 勇气,,,"贝拉,乃琳",完整, 汉语,,,TRUE,,FALSE,,
A000212,2021.05.16,,,0,225864, 如果的事,,,"贝拉,乃琳",完整, 汉语,,,TRUE,,FALSE,,
A000213,2021.05.19,,,0,132672, Perfect,,,"向晚",完整, 英语,,,TRUE,,FALSE,,
A000214,2021.05.19,,,0,167400, 我又初恋了 2.0,,,"向晚",完整, 汉语,,,TRUE,,FALSE,,
A000215,2021.05.19,,,0,94080, 海龟之歌,,,"向晚",完整, 汉语,,,TRUE,,FALSE,,
A000216,2021.05.19,,,0,188568, 爱的魔法,,,"嘉然",完整, 汉语,,,TRUE,,FALSE,,
A000217,2021.05.19,,,0,104496, 顶碗人评论即兴,,,"向晚",完整, 汉语,,,TRUE,,FALSE,,
A000218,2021.05.19,,,0,209496, 麋鹿森林,,,"嘉然",完整, 汉语,,,TRUE,,FALSE,,
A000219,2021.05.20,,,0,292536, 快乐老家,,,"乃琳",完整, 汉语,,,TRUE,,FALSE,,
A000220,2021.05.20,,,0,188688, 给我一个吻,,,"乃琳",完整, 汉语,,,TRUE,,FALSE,,
A000221,2021.05.20,,,0,247848, 羞答答的玫瑰静悄悄地开,,,"乃琳",完整, 汉语,,,TRUE,,FALSE,,
A000222,2021.05.21,,,0,267264, 이쁘다니까,,,"向晚,乃琳",完整, 英语,,,TRUE,,FALSE,,
A000223,2021.05.21,,,0,168792, 小情歌,,,"向晚",完整, 汉语,,,TRUE,,FALSE,,
A000224,2021.05.21,,,0,201912, 彩虹的微笑,,,"乃琳",完整, 汉语,,,TRUE,,FALSE,,
A000225,2021.05.21,,,0,171360, 忽然之间 3.0,,,"向晚,贝拉,乃琳",完整, 汉语,,,TRUE,,FALSE,,
A000226,2021.05.21,,,0,192792, 恋爱ING,,,"贝拉",完整, 日语,,,TRUE,,FALSE,,
A000227,2021.05.22,,,0,187416, 小永远,,,"向晚,贝拉,乃琳",完整, 汉语,,,TRUE,,FALSE,,
A000228,2021.05.22,,,0,273264, 海底,,,"贝拉,乃琳",完整, 汉语,,,TRUE,,FALSE,,
A000229,2021.05.26,,,0,222432, 下雨了是我在想你,,,"向晚",完整, 汉语,,,TRUE,,FALSE,,
A000230,2021.05.26,,,0,250344, 下雨天,,,"向晚",完整, 汉语,,,TRUE,,FALSE,,
A000231,2021.05.26,,,0,172032, 失恋阵线联盟,,,"乃琳",完整, 汉语,,,TRUE,,FALSE,,
A000232,2021.05.26,,,0,298656, 当你老了,,,"乃琳",完整, 汉语,,,TRUE,,FALSE,,
A000233,2021.05.26,,,0,200256, 找自己,,,"向晚",完整, 汉语,,,TRUE,,FALSE,,
A000234,2021.05.27,,,0,283488, 月光,,,"贝拉",完整, 汉语,,,TRUE,,FALSE,,
A000235,2021.05.27,,,0,156960, 霞光,,,"贝拉",完整, 汉语,,,TRUE,,FALSE,,
A000236,2021.05.28,,,0,250440, 倔强,,,"乃琳",完整, 汉语,,,TRUE,,FALSE,,
A000237,2021.05.28,,,0,54576, 别看我小,,,"贝拉,嘉然",完整, 汉语,,,TRUE,,FALSE,,
A000238,2021.05.28,,,0,288312, 北京东路的日子,,,"向晚,贝拉,乃琳,嘉然",完整, 汉语,,,TRUE,,FALSE,,
A000239,2021.05.28,,,0,238176, 少年,,,"向晚,贝拉,乃琳,嘉然",完整, 汉语,,,TRUE,,FALSE,,
A000240,2021.05.28,,,0,111408, 快乐小神仙,,,"向晚,贝拉,乃琳,嘉然",完整, 汉语,,,TRUE,,FALSE,,
A000241,2021.05.28,,,0,267360, 明天你好,,,"嘉然,乃琳",完整, 汉语,,,TRUE,,FALSE,,
A000242,2021.05.28,,,0,292032, 最初的梦想,,,"向晚,贝拉",完整, 汉语,,,TRUE,,FALSE,,
A000243,2021.05.28,,,0,215112, 最美的期待,,,"贝拉,乃琳",完整, 汉语,,,TRUE,,FALSE,,
A000244,2021.05.29,,,0,119904, 白羊,,,"向晚,贝拉,乃琳,嘉然",完整, 汉语,,,TRUE,,FALSE,,
A000245,2021.05.29,,,0,206688, 遇见,,,"向晚,贝拉,乃琳,嘉然",完整, 汉语,,,TRUE,,FALSE,,
A000246,2021.05.30,,,0,48504, 他不爱我 2.0,,,"向晚,乃琳",完整, 汉语,,,TRUE,,FALSE,,
A000247,2021.06.02,,,0,248112, 一直很安静,,,"珈乐",完整, 汉语,,,TRUE,,FALSE,,
A000248,2021.06.02,,,0,233184, 云烟成雨 4.0,,,"珈乐",完整, 汉语,,,TRUE,,FALSE,,
A000249,2021.06.02,,,0,249120, 奇妙能力歌,,,"乃琳",完整, 汉语,,,TRUE,,FALSE,,
A000250,2021.06.02,,,0,88752, 好像掉进爱情海 4.0,,,"向晚",完整, 汉语,,,TRUE,,FALSE,,
A000251,2021.06.02,,,0,267240, 小情歌 2.0,,,"乃琳",完整, 汉语,,,TRUE,,FALSE,,
A000252,2021.06.02,,,0,147000, 小跳蛙,,,"向晚",完整, 汉语,,,TRUE,,FALSE,,
A000253,2021.06.02,,,0,75480, 彩虹的微笑 2.0,,,"向晚",完整, 汉语,,,TRUE,,FALSE,,
A000254,2021.06.02,,,0,187992, 摇滚一下吧,,,"向晚",完整, 汉语,,,TRUE,,FALSE,,
A000255,2021.06.02,,,0,266352, 爱就一个字,,,"乃琳",完整, 汉语,,,TRUE,,FALSE,,
A000256,2021.06.02,,,0,210216, 猪猪侠,,,"乃琳",完整, 汉语,,,TRUE,,FALSE,,
A000257,2021.06.02,,,0,267648, 霓虹甜心,,,"珈乐",完整, 汉语,,,TRUE,,FALSE,,
A000258,2021.06.02,,,0,176472, 马马嘟嘟骑 2.0,,,"珈乐",完整, 汉语,,,TRUE,,FALSE,,
A000259,2021.06.03,,,0,152328, 小年兽,,,"嘉然",完整, 汉语,,,TRUE,,FALSE,,
A000260,2021.06.04,,,0,180000, God Is A Girl,,,"嘉然",完整, 英语,,,TRUE,,FALSE,,
A000261,2021.06.04,,,0,190488, Super Star,,,"向晚,乃琳,嘉然",完整, 汉语,,,TRUE,,FALSE,,
A000262,2021.06.04,,,0,279384, 一生所爱,,,"乃琳",完整, 汉语,,,TRUE,,FALSE,,
A000263,2021.06.04,,,0,247488, 亲爱的那不是爱情,,,"向晚",完整, 汉语,,,TRUE,,FALSE,,
A000264,2021.06.04,,,0,316200, 后来,,,"嘉然,乃琳",完整, 汉语,,,TRUE,,FALSE,,
A000265,2021.06.04,,,0,225792, 客官不可以,,,"向晚,乃琳",完整, 汉语,,,TRUE,,FALSE,,
A000266,2021.06.04,,,0,1385568, 情歌王,,,",向晚,贝拉,乃琳,嘉然",完整, 汉语,,,TRUE,,FALSE,,
A000267,2021.06.04,,,0,168432, 水母之歌 4.0,,,"向晚,贝拉,乃琳,嘉然",完整, 汉语,,,TRUE,,FALSE,,
A000268,2021.06.04,,,0,205776, 甜蜜蜜,,,"贝拉,乃琳",完整, 汉语,,,TRUE,,FALSE,,
A000269,2021.06.04,,,0,298536, 白狐,,,"贝拉,乃琳",完整, 汉语,,,TRUE,,FALSE,,
A000270,2021.06.04,,,0,219984, 第一次爱的人,,,"向晚",完整, 汉语,,,TRUE,,FALSE,,
A000271,2021.06.04,,,0,207792, 粉红色的回忆,,,"贝拉",完整, 汉语,,,TRUE,,FALSE,,
A000272,2021.06.04,,,0,226560, 该死的温柔,,,"向晚,贝拉,乃琳,嘉然",完整, 汉语,,,TRUE,,FALSE,,
A000273,2021.06.04,,,0,171864, 走过咖啡屋,,,"贝拉,嘉然",完整, 汉语,,,TRUE,,FALSE,,
A000274,2021.06.04,,,0,119784, 路边的野花不要采,,,"贝拉",完整, 汉语,,,TRUE,,FALSE,,
A000275,2021.06.05,,,0,249480, Scarborough Fair,,,"贝拉",完整, 英语,,,TRUE,,FALSE,,
A000276,2021.06.05,,,0,159936, 找自己 2.0,,,"向晚,贝拉,嘉然,乃琳",完整, 汉语,,,TRUE,,FALSE,,
A000277,2021.06.06,,,0,225456, Sunshine Girl,,,"向晚,贝拉",完整, 英语,,,TRUE,,FALSE,,
A000278,2021.06.09,,,0,189000, Mojito,,,"乃琳",完整, 汉语,,,TRUE,,FALSE,,
A000279,2021.06.09,,,0,212328, 声声慢,,,"乃琳",完整, 汉语,,,TRUE,,FALSE,,
A000280,2021.06.09,,,0,263064, 小幸运,,,"乃琳",完整, 汉语,,,TRUE,,FALSE,,
A000281,2021.06.12,,,0,214656, Count On Me,,,"向晚",完整, 英语,,,TRUE,,FALSE,,
A000282,2021.06.12,,,0,157296, Secret  Player,,,"向晚",完整, 汉语,,,TRUE,,FALSE,,
A000283,2021.06.12,,,0,88344, To Someone Loves Me,,,"向晚",完整, 英语,,,TRUE,,FALSE,,
A000284,2021.06.12,,,0,243576, ふわふわ時間 2.0,,,"向晚",完整, 日语,,,TRUE,,FALSE,,
A000285,2021.06.12,,,0,227856, 小宇 2.0,,,"向晚",完整, 汉语,,,TRUE,,FALSE,,
A000286,2021.06.12,,,0,211728, 平凡天使,,,"向晚",完整, 汉语,,,TRUE,,FALSE,,
A000287,2021.06.12,,,0,195960, 水母之歌 5.0,,,"向晚,嘉然",完整, 汉语,,,TRUE,,FALSE,,
A000288,2021.06.13,,,0,255768, 但愿人长久,,,"向晚,贝拉,嘉然,乃琳",完整, 汉语,,,TRUE,,FALSE,,
A000289,2021.06.16,,,0,104064, 从头再来,,,"向晚",完整, 汉语,,,TRUE,,FALSE,,
A000290,2021.06.16,,,0,211224, 告白气球 2.0,,,"乃琳",完整, 汉语,,,TRUE,,FALSE,,
A000291,2021.06.16,,,0,284304, 小半,,,"乃琳",完整, 汉语,,,TRUE,,FALSE,,
A000292,2021.06.16,,,0,138840, 小跳蛙,,,"乃琳",完整, 汉语,,,TRUE,,FALSE,,
A000293,2021.06.16,,,0,244824, 路过人间,,,"乃琳",完整, 汉语,,,TRUE,,FALSE,,
A000294,2021.06.17,,,0,211944, 大小姐,,,"嘉然",完整, 汉语,,,TRUE,,FALSE,,
A000295,2021.06.17,,,0,255336, 欧若拉,,,"贝拉",完整, 汉语,,,TRUE,,FALSE,,
A000296,2021.06.17,,,0,230376, 靠近一点点,,,"嘉然",完整, 汉语,,,TRUE,,FALSE,,
A000297,2021.06.18,,,0,276168, 樱花草,,,"乃琳",完整, 汉语,,,TRUE,,FALSE,,
A000298,2021.06.19,,,0,143928, 下个路口见,,,"向晚,贝拉,嘉然,乃琳",完整, 汉语,,,TRUE,,FALSE,,
A000299,2021.06.19,,,0,305880, 女儿情,,,"乃琳",完整, 汉语,,,TRUE,,FALSE,,
A000300,2021.06.20,,,0,145512, 阳光男孩阳光女孩,,,"贝拉,嘉然,乃琳",完整, 汉语,,,TRUE,,FALSE,,
A000301,2021.06.23,,,0,342768, 夜空里最亮的星,,,"向晚",完整, 汉语,,,TRUE,,FALSE,,
A000302,2021.06.23,,,0,248400, 我是一只鱼,,,"向晚",完整, 汉语,,,TRUE,,FALSE,,
A000303,2021.06.23,,,0,260352, 此生不换,,,"乃琳",完整, 汉语,,,TRUE,,FALSE,,
A000304,2021.06.23,,,0,256704, 淡水鱼,,,"向晚",完整, 汉语,,,TRUE,,FALSE,,
A000305,2021.06.23,,,0,208056, 破茧,,,"乃琳",完整, 汉语,,,TRUE,,FALSE,,
A000306,2021.06.23,,,0,251304, 笑红尘,,,"乃琳",完整, 汉语,,,TRUE,,FALSE,,
A000307,2021.06.24,,,0,187152, 多一点喜欢,,,"嘉然",完整, 汉语,,,TRUE,,FALSE,,
A000308,2021.06.24,,,0,201648, 恋爱画板,,,"嘉然",完整, 汉语,,,TRUE,,FALSE,,
A000309,2021.06.24,,,0,198696, 暗恋,,,"嘉然",完整, 日语,,,TRUE,,FALSE,,
A000310,2021.06.25,,,0,1448376, 夏日动漫大串烧,,,",向晚,贝拉,嘉然,乃琳",完整, 汉语,,,TRUE,,FALSE,,
A000311,2021.06.25,,,0,268824, 愛にできることはまだあるかい,,,"向晚",完整, 日语,,,TRUE,,FALSE,,
A000312,2021.06.25,,,0,207240, 海芋恋,,,"乃琳",完整, 汉语,,,TRUE,,FALSE,,
A000313,2021.06.26,,,0,88392, 月亮船,,,"向晚,贝拉,嘉然,乃琳",完整, 汉语,,,TRUE,,FALSE,,
A000314,2021.06.30,,,0,222408, 夏天的风 2.0,,,"向晚,嘉然",完整, 汉语,,,TRUE,,FALSE,,
A000315,2021.06.30,,,0,125160, 奇迹再现,,,"贝拉,乃琳",完整, 汉语,,,TRUE,,FALSE,,
A000316,2021.06.30,,,0,283344, 月弯弯,,,"贝拉,乃琳",完整, 汉语,,,TRUE,,FALSE,,
A000317,2021.06.30,,,0,315048, 水星记 5.0,,,"贝拉,乃琳",完整, 汉语,,,TRUE,,FALSE,,
A000318,2021.06.30,,,0,218568, 酸酸甜甜就是我,,,"贝拉,乃琳",完整, 汉语,,,TRUE,,FALSE,,
A000319,2021.07.02,,,0,204696, 失眠飞行,,,"向晚,嘉然",完整, 汉语,,,TRUE,,FALSE,,
A000320,2021.07.02,,,0,250152, 心愿便利贴 3.0,,,"向晚,贝拉,嘉然,乃琳",完整, 汉语,,,TRUE,,FALSE,,
A000321,2021.07.02,,,0,184032, 浪人琵琶,,,"乃琳",完整, 汉语,,,TRUE,,FALSE,,
A000322,2021.07.02,,,0,236232, 烟雨行舟,,,"乃琳",完整, 汉语,,,TRUE,,FALSE,,
A000323,2021.07.02,,,0,220488, 遇见你的时候所有星星都落到我头上,,,"嘉然",完整, 汉语,,,TRUE,,FALSE,,
A000324,2021.07.03,,,0,209664, 卡路里 [方言版],,,"向晚,贝拉,嘉然,乃琳",完整, 汉语,,,TRUE,,FALSE,,
A000325,2021.07.03,,,0,159312, 宁夏 2.0,,,"向晚,贝拉,嘉然,乃琳",完整, 汉语,,,TRUE,,FALSE,,
A000326,2021.07.03,,,0,193560,热爱105°C的你,,,"向晚,贝拉,嘉然,乃琳",完整, 汉语,,,TRUE,,FALSE,,
A000327,2021.07.04,,,0,254952, 姐妹,,,"向晚,嘉然,乃琳",完整, 汉语,,,TRUE,,FALSE,,
A000328,2021.07.15,,,0,164640, 7%,,,"向晚,乃琳",完整, 英语,,,TRUE,,FALSE,,
A000329,2021.07.15,,,0,185280, My Heart Will Go On,,,"向晚,乃琳",完整, 英语,,,TRUE,,FALSE,,
A000330,2021.07.15,,,0,186840, 声声慢 2.0,,,"向晚,乃琳",完整, 汉语,,,TRUE,,FALSE,,
A000331,2021.07.15,,,0,240672, 大笨钟 2.0,,,"珈乐",完整, 汉语,,,TRUE,,FALSE,,
A000332,2021.07.15,,,0,137160, 完美降落,,,"向晚,乃琳",完整, 汉语,,,TRUE,,FALSE,,
A000333,2021.07.15,,,0,163776, 爱你在心口难开,,,"珈乐",完整, 汉语,,,TRUE,,FALSE,,
A000334,2021.07.15,,,0,170280, 粉色苏打,,,"向晚,乃琳",完整, 汉语,,,TRUE,,FALSE,,
A000335,2021.07.16,,,0,324888, Dearest,,,"贝拉",完整, 英语,,,TRUE,,FALSE,,
A000336,2021.07.16,,,0,218256, 刀剑如梦,,,"贝拉",完整, 汉语,,,TRUE,,FALSE,,
A000337,2021.07.16,,,0,308616, 愛してる,,,"贝拉",完整, 日语,,,TRUE,,FALSE,,
A000338,2021.07.16,,,0,96000, 我,,,"珈乐",完整, 汉语,,,TRUE,,FALSE,,
A000339,2021.07.16,,,0,281592, 星の在り処,,,"贝拉",完整, 日语,,,TRUE,,FALSE,,
A000340,2021.07.16,,,0,227304, 追光者,,,"珈乐",完整, 汉语,,,TRUE,,FALSE,,
A000341,2021.07.16,,,0,223320, 隐形的翅膀,,,"贝拉",完整, 汉语,,,TRUE,,FALSE,,
A000342,2021.07.18,,,0,213168, 我的心里只有你没有他,,,"贝拉,珈乐",完整, 汉语,,,TRUE,,FALSE,,
A000343,2021.07.18,,,0,217704, 舞娘,,,"贝拉,珈乐,嘉然",完整, 汉语,,,TRUE,,FALSE,,
A000344,2021.07.21,,,0,91944, 保留,,,"珈乐",完整, 汉语,,,TRUE,,FALSE,,
A000345,2021.07.21,,,0,252144, 外婆桥,,,"珈乐",完整, 汉语,,,TRUE,,FALSE,,
A000346,2021.07.21,,,0,216888, 多远都要在一起,,,"乃琳",完整, 汉语,,,TRUE,,FALSE,,
A000347,2021.07.21,,,0,192408, 夜车,,,"珈乐",完整, 汉语,,,TRUE,,FALSE,,
A000348,2021.07.21,,,0,238848, 小永远 2.0,,,"乃琳",完整, 汉语,,,TRUE,,FALSE,,
A000349,2021.07.21,,,0,178344, 桥豆麻袋,,,"乃琳",完整, 汉语,,,TRUE,,FALSE,,
A000350,2021.07.21,,,0,278808, 萱草花,,,"珈乐",完整, 汉语,,,TRUE,,FALSE,,
A000351,2021.07.22,,,0,81528, AvAvA与晚羊羊,,,"向晚,嘉然",完整, 汉语,,,TRUE,,FALSE,,
A000352,2021.07.23,,,0,205824, 海芋恋 2.0,,,"A-SOUL",完整, 汉语,,,TRUE,,FALSE,,
A000353,2021.07.23,,,0,208224, 海芋恋 3.0,,,"贝拉",完整, 汉语,,,TRUE,,FALSE,,
A000354,2021.07.28,,,0,144744, I Know You Would Come,,,"向晚",完整, 英语,,,TRUE,,FALSE,,
A000355,2021.07.28,,,0,198600, Welcome To Wonderland,,,"向晚",完整, 英语,,,TRUE,,FALSE,,
A000356,2021.07.28,,,0,247512, 世界不会轻易崩塌,,,"向晚",完整, 汉语,,,TRUE,,FALSE,,
A000357,2021.07.28,,,0,221280, 可能否,,,"乃琳",完整, 汉语,,,TRUE,,FALSE,,
A000358,2021.07.28,,,0,237024, 暖暖 2.0,,,"乃琳",完整, 汉语,,,TRUE,,FALSE,,
A000359,2021.07.28,,,0,146256, 游戏继续,,,"向晚",完整, 汉语,,,TRUE,,FALSE,,
A000360,2021.07.28,,,0,217080, 爱你 4.0,,,"乃琳",完整, 汉语,,,TRUE,,FALSE,,
A000361,2021.07.28,,,0,158952, 花房姑娘,,,"向晚",完整, 汉语,,,TRUE,,FALSE,,
A000362,2021.07.29,,,0,213960, Don%27t Worry Be Happy,,,"嘉然",完整, 英语,,,TRUE,,FALSE,,
A000363,2021.07.29,,,0,215472, Kiss Me,,,"嘉然",完整, 英语,,,TRUE,,FALSE,,
A000364,2021.07.29,,,0,167064, 每一句都很甜,,,"嘉然",完整, 汉语,,,TRUE,,FALSE,,
A000365,2021.07.29,,,0,68760, 生日快乐歌 [小黄人ver.],,,"贝拉",完整, 汉语,,,TRUE,,FALSE,,
A000366,2021.07.29,,,0,42480,Hello,,,"贝拉",完整, 英语,,,TRUE,,FALSE,,
A000367,2021.07.30,,,0,239904, 你的眼睛像星星,,,"向晚,乃琳",完整, 汉语,,,TRUE,,FALSE,,
A000368,2021.07.30,,,0,244536, 北极星的眼泪,,,"贝拉",完整, 汉语,,,TRUE,,FALSE,,
A000369,2021.07.30,,,0,185280, 夏天,,,"向晚",完整, 汉语,,,TRUE,,FALSE,,
A000370,2021.07.30,,,0,317208, 想你的365天,,,"贝拉",完整, 汉语,,,TRUE,,FALSE,,
A000371,2021.07.30,,,0,231744, 羞答答的玫瑰静悄悄地开 2.0,,,"乃琳",完整, 汉语,,,TRUE,,FALSE,,
A000372,2021.07.30,,,0,222432, 路灯下的小姑娘,,,"珈乐",完整, 汉语,,,TRUE,,FALSE,,
A000373,2021.07.30,,,0,243024, 远走高飞,,,"嘉然",完整, 汉语,,,TRUE,,FALSE,,
A000374,2021.07.30,,,0,213648, 骑士精神,,,"珈乐",完整, 汉语,,,TRUE,,FALSE,,
A000375,2021.07.31,,,0,234312, 勇气 3.0,,,"A-SOUL",完整, 汉语,,,TRUE,,FALSE,,
A000376,2021.07.31,,,0,54312, 摇滚一下吧 2.0,,,"A-SOUL",完整, 汉语,,,TRUE,,FALSE,,
A000377,2021.08.04,,,0,289560, I Believe,,,"珈乐",完整, 英语,,,TRUE,,FALSE,,
A000378,2021.08.04,,,0,72792, Ring Ring Ring,,,"向晚",完整, 英语,,,TRUE,,FALSE,,
A000379,2021.08.04,,,0,115920, 光,,,"向晚",完整, 汉语,,,TRUE,,FALSE,,
A000380,2021.08.04,,,0,211224, 历历万乡,,,"珈乐",完整, 汉语,,,TRUE,,FALSE,,
A000381,2021.08.04,,,0,235056, 姗姗,,,"向晚",完整, 日语,,,TRUE,,FALSE,,
A000382,2021.08.04,,,0,108816, 心愿便利贴 4.0,,,"向晚",完整, 汉语,,,TRUE,,FALSE,,
A000383,2021.08.04,,,0,259704, 我 （完整版）,,,"珈乐",完整, 汉语,,,TRUE,,FALSE,,
A000384,2021.08.04,,,0,83640, 鸽子 4.0,,,"向晚",完整, 汉语,,,TRUE,,FALSE,,
A000385,2021.08.05,,,0,191352, 我和你,,,"嘉然",完整, 汉语,,,TRUE,,FALSE,,
A000386,2021.08.05,,,0,272592, 有可能的夜晚,,,"嘉然",完整, 汉语,,,TRUE,,FALSE,,
A000387,2021.08.05,,,0,214032, 猪猪侠,,,"嘉然",完整, 汉语,,,TRUE,,FALSE,,
A000388,2021.08.06,,,0,208272, Lover Boy 88,,,"向晚,贝拉,嘉然",完整, 英语,,,TRUE,,FALSE,,
A000389,2021.08.08,,,0,148968, City Of Stars,,,"乃琳",完整, 英语,,,TRUE,,FALSE,,
A000390,2021.08.08,,,0,208152, The Legend Of Ashitaka,,,"乃琳",完整, 英语,,,TRUE,,FALSE,,
A000391,2021.08.08,,,0,245424, 克卜勒,,,"乃琳",完整, 汉语,,,TRUE,,FALSE,,
A000392,2021.08.08,,,0,189912, 快乐星猫,,,"乃琳",完整, 汉语,,,TRUE,,FALSE,,
A000393,2021.08.08,,,0,245688, 我的秘密,,,"乃琳",完整, 汉语,,,TRUE,,FALSE,,
A000394,2021.08.08,,,0,131088, 梨花颂,,,"乃琳",完整, 汉语,,,TRUE,,FALSE,,
A000395,2021.08.08,,,0,240408, 渡月橋～君想ふ～,,,"乃琳",完整, 日语,,,TRUE,,FALSE,,
A000396,2021.08.08,,,0,236256, 红玫瑰,,,"乃琳",完整, 汉语,,,TRUE,,FALSE,,
A000397,2021.08.08,,,0,286800, 逆光,,,"乃琳",完整, 汉语,,,TRUE,,FALSE,,
A000398,2021.08.08,,,0,290184, 醉,,,"乃琳",完整, 汉语,,,TRUE,,FALSE,,
A000399,2021.08.08,,,0,221736, 陪我长大,,,"向晚,贝拉,珈乐,嘉然",完整, 汉语,,,TRUE,,FALSE,,
A000400,2021.08.11,,,0,76392, Baby,,,"向晚,贝拉",完整, 英语,,,TRUE,,FALSE,,
A000401,2021.08.11,,,0,46848, Lucky,,,"向晚,贝拉",完整, 英语,,,TRUE,,FALSE,,
A000402,2021.08.11,,,0,288096, 依兰爱情故事,,,"珈乐,乃琳",完整, 汉语,,,TRUE,,FALSE,,
A000403,2021.08.11,,,0,205824, 大笑江湖,,,"珈乐,乃琳",完整, 汉语,,,TRUE,,FALSE,,
A000404,2021.08.11,,,0,281160, 张三的歌,,,"珈乐,乃琳",完整, 汉语,,,TRUE,,FALSE,,
A000405,2021.08.11,,,0,205992, 橘子汽水,,,"向晚,贝拉",完整, 汉语,,,TRUE,,FALSE,,
A000406,2021.08.11,,,0,80352, 猪之歌 2.0,,,"向晚,贝拉",完整, 汉语,,,TRUE,,FALSE,,
A000407,2021.08.11,,,0,197208, 猪之歌,,,"向晚,贝拉",完整, 汉语,,,TRUE,,FALSE,,
A000408,2021.08.11,,,0,242280, 贝加尔湖畔,,,"珈乐,乃琳",完整, 汉语,,,TRUE,,FALSE,,
A000409,2021.08.12,,,0,202848, きみにとどけ,,,"嘉然",完整, 日语,,,TRUE,,FALSE,,
A000410,2021.08.12,,,0,262152, 不可思议 4.0,,,"嘉然",完整, 汉语,,,TRUE,,FALSE,,
A000411,2021.08.12,,,0,184872, 多一点喜欢 2.0,,,"嘉然",完整, 汉语,,,TRUE,,FALSE,,
A000412,2021.08.12,,,0,138576, 猫中毒,,,"嘉然",完整, 汉语,,,TRUE,,FALSE,,
A000413,2021.08.13,,,0,249240, START DASH!,,,"向晚",完整, 英语,,,TRUE,,FALSE,,
A000414,2021.08.14,,,0,49776, 夏天 （片段弹唱）,,,"向晚",完整, 汉语,,,TRUE,,FALSE,,
A000415,2021.08.14,,,0,241080, 小宇 3.0,,,"向晚",完整, 汉语,,,TRUE,,FALSE,,
A000416,2021.08.14,,,0,196176, 当我们一起走过,,,"向晚",完整, 汉语,,,TRUE,,FALSE,,
A000417,2021.08.14,,,0,194712, 我多喜欢你，你会知道,,,"贝拉",完整, 汉语,,,TRUE,,FALSE,,
A000418,2021.08.14,,,0,137520, 晴天,,,"向晚",完整, 汉语,,,TRUE,,FALSE,,
A000419,2021.08.14,,,0,218352, 温柔 2.0,,,"向晚",完整, 汉语,,,TRUE,,FALSE,,
A000420,2021.08.14,,,0,84312, 爱你 （学唱版）,,,"珈乐",完整, 汉语,,,TRUE,,FALSE,,
A000421,2021.08.14,,,0,220176, 繁花,,,"乃琳",完整, 汉语,,,TRUE,,FALSE,,
A000422,2021.08.14,,,0,212976, 红色高跟鞋 2.0,,,"珈乐",完整, 汉语,,,TRUE,,FALSE,,
A000423,2021.08.14,,,0,273096, 金风玉露·夜语迟,,,"乃琳",完整, 汉语,,,TRUE,,FALSE,,
A000424,2021.08.14,,,0,222264, 鹊桥汇,,,"乃琳",完整, 汉语,,,TRUE,,FALSE,,
A000425,2021.08.14,,,0,210240, 麋鹿森林 2.0,,,"嘉然",完整, 汉语,,,TRUE,,FALSE,,
A000426,2021.08.18,,,0,178008, Love Story,,,"向晚",完整, 英语,,,TRUE,,FALSE,,
A000427,2021.08.18,,,0,228984, Marry You,,,"乃琳",完整, 英语,,,TRUE,,FALSE,,
A000428,2021.08.18,,,0,215640, Ring Ring Ring,,,"乃琳",完整, 英语,,,TRUE,,FALSE,,
A000429,2021.08.18,,,0,246504, 不完美小孩,,,"乃琳",完整, 汉语,,,TRUE,,FALSE,,
A000430,2021.08.18,,,0,254088, 君がいない夏,,,"向晚",完整, 日语,,,TRUE,,FALSE,,
A000431,2021.08.18,,,0,244464, 夏天的风 2.0,,,"乃琳",完整, 汉语,,,TRUE,,FALSE,,
A000432,2021.08.18,,,0,212472, 夏天的风 3.0,,,"向晚",完整, 汉语,,,TRUE,,FALSE,,
A000433,2021.08.18,,,0,121608, 小幸运 2.0 [粉丝钢伴],,,"乃琳",完整, 汉语,,,TRUE,,FALSE,,
A000434,2021.08.18,,,0,256464, 所有人都在玩手机,,,"珈乐",完整, 汉语,,,TRUE,,FALSE,,
A000435,2021.08.18,,,0,175368, 爱夏,,,"向晚",完整, 汉语,,,TRUE,,FALSE,,
A000436,2021.08.18,,,0,147264, 被风吹过的夏天,,,"向晚",完整, 汉语,,,TRUE,,FALSE,,
A000437,2021.08.19,,,0,205416, Milk And Cookies,,,"贝拉",完整, 英语,,,TRUE,,FALSE,,
A000438,2021.08.19,,,0,113232, あったかいんだからぁ,,,"嘉然",完整, 日语,,,TRUE,,FALSE,,
A000439,2021.08.19,,,0,363936, アメフラシの歌～Beautiful Rain～,,,"贝拉",完整, 日语,,,TRUE,,FALSE,,
A000440,2021.08.19,,,0,301584, 奈落の花,,,"贝拉",完整, 日语,,,TRUE,,FALSE,,
A000441,2021.08.19,,,0,179328, 好像掉进爱情海里 4.0,,,"嘉然",完整, 汉语,,,TRUE,,FALSE,,
A000442,2021.08.19,,,0,235416, 雨の庭,,,"贝拉",完整, 日语,,,TRUE,,FALSE,,
A000443,2021.08.20,,,0,215040, 美丽新世界,,,"A-SOUL",完整, 汉语,,,TRUE,,FALSE,,
A000444,2021.08.21,,,0,277080, Fish In The Pool,,,"贝拉",完整, 英语,,,TRUE,,FALSE,,
A000445,2021.08.21,,,0,279264, 一生所爱 2.0,,,"乃琳",完整, 汉语,,,TRUE,,FALSE,,
A000446,2021.08.21,,,0,248976, 奇妙能力歌 2.0,,,"乃琳",完整, 汉语,,,TRUE,,FALSE,,
A000447,2021.08.21,,,0,272400, 爱的就是你,,,"向晚",完整, 汉语,,,TRUE,,FALSE,,
A000448,2021.08.21,,,0,303768, 男孩别哭,,,"珈乐",完整, 汉语,,,TRUE,,FALSE,,
A000449,2021.08.21,,,0,206616, 靠近一点点 2.0,,,"嘉然",完整, 汉语,,,TRUE,,FALSE,,
A000450,2021.08.22,,,0,188952, 放生,,,"向晚,乃琳",完整, 汉语,,,TRUE,,FALSE,,
A000451,2021.08.25,,,0,251496, Susan说,,,"珈乐",完整, 汉语,,,TRUE,,FALSE,,
A000452,2021.08.25,,,0,246432, 张三的歌 2.0,,,"珈乐",完整, 汉语,,,TRUE,,FALSE,,
A000453,2021.08.25,,,0,222360, 星空剪影,,,"乃琳",完整, 汉语,,,TRUE,,FALSE,,
A000454,2021.08.25,,,0,212040, 理想三旬 2.0,,,"珈乐",完整, 汉语,,,TRUE,,FALSE,,
A000455,2021.08.25,,,0,210312, 给女孩,,,"乃琳",完整, 汉语,,,TRUE,,FALSE,,
A000456,2021.08.26,,,0,260136, 中华美食颂,,,"贝拉",完整, 汉语,,,TRUE,,FALSE,,
A000457,2021.08.26,,,0,216216, 兜风,,,"嘉然",完整, 汉语,,,TRUE,,FALSE,,
A000458,2021.08.26,,,0,203448, 我喜欢上你时的内心活动,,,"嘉然",完整, 汉语,,,TRUE,,FALSE,,
A000459,2021.08.26,,,0,236520, 最近好吗,,,"嘉然",完整, 汉语,,,TRUE,,FALSE,,
A000460,2021.08.26,,,0,182664, 甜夜,,,"嘉然",完整, 日语,,,TRUE,,FALSE,,
A000461,2021.08.27,,,0,253200, 求佛,,,"珈乐",完整, 汉语,,,TRUE,,FALSE,,
A000462,2021.08.27,,,0,222120, 火红的萨日朗,,,"乃琳",完整, 汉语,,,TRUE,,FALSE,,
A000463,2021.08.27,,,0,197736, 穷开心,,,"乃琳",完整, 汉语,,,TRUE,,FALSE,,
A000464,2021.08.27,,,0,145248, 蜜雪冰城,,,"嘉然",完整, 汉语,,,TRUE,,FALSE,,
A000465,2021.08.28,,,0,227208, Da Da Da,,,"A-SOUL",完整, 英语,,,TRUE,,FALSE,,
A000466,2021.08.28,,,0,140424, Hopeful Dreamer 2.0,,,"向晚,嘉然",完整, 英语,,,TRUE,,FALSE,,
A000467,2021.08.28,,,0,67824, 小拜年,,,"向晚,珈乐",完整, 汉语,,,TRUE,,FALSE,,
A000468,2021.08.28,,,0,121104, 水母之歌 6.0,,,"向晚",完整, 汉语,,,TRUE,,FALSE,,
A000469,2021.09.01,,,0,235416, Love Story 2.0,,,"向晚",完整, 英语,,,TRUE,,FALSE,,
A000470,2021.09.01,,,0,250896, New Boy,,,"向晚",完整, 英语,,,TRUE,,FALSE,,
A000471,2021.09.01,,,0,166752, 咚咚,,,"向晚",完整, 日语,,,TRUE,,FALSE,,
A000472,2021.09.01,,,0,193848, 夜来香,,,"珈乐",完整, 日语,,,TRUE,,FALSE,,
A000473,2021.09.02,,,0,197712, Lucky 2.0,,,"贝拉",完整, 英语,,,TRUE,,FALSE,,
A000474,2021.09.02,,,0,235728, 魔鬼中的天使,,,"贝拉",完整, 汉语,,,TRUE,,FALSE,,
A000475,2021.09.03,,,0,134160, Do Re Mi,,,"向晚,贝拉,嘉然",完整, 英语,,,TRUE,,FALSE,,
A000476,2021.09.03,,,0,179184, 七月上,,,"珈乐,乃琳",完整, 汉语,,,TRUE,,FALSE,,
A000477,2021.09.03,,,0,279984, 可惜不是你,,,"贝拉,乃琳",完整, 汉语,,,TRUE,,FALSE,,
A000478,2021.09.03,,,0,294120, 在水一方,,,"珈乐,乃琳",完整, 汉语,,,TRUE,,FALSE,,
A000479,2021.09.03,,,0,203232, 学猫叫,,,"向晚,嘉然,乃琳",完整, 汉语,,,TRUE,,FALSE,,
A000480,2021.09.03,,,0,168480, 彩虹的微笑 3.0,,,"A-SOUL",完整, 汉语,,,TRUE,,FALSE,,
A000481,2021.09.03,,,0,139920, 想去海边,,,"向晚,珈乐",完整, 汉语,,,TRUE,,FALSE,,
A000482,2021.09.03,,,0,253392, 烟雨行舟 2.0,,,"嘉然,乃琳",完整, 汉语,,,TRUE,,FALSE,,
A000483,2021.09.04,,,0,196416, 改变自己,,,"A-SOUL",完整, 汉语,,,TRUE,,FALSE,,
A000484,2021.09.05,,,0,168480, 五环之歌,,,"向晚,贝拉,嘉然,乃琳",完整, 汉语,,,TRUE,,FALSE,,
A000485,2021.09.08,,,0,106680, Butterfly,,,"向晚",完整, 英语,,,TRUE,,FALSE,,
A000486,2021.09.08,,,0,265584, 化身孤岛的鲸,,,"乃琳",完整, 汉语,,,TRUE,,FALSE,,
A000487,2021.09.08,,,0,262680, 多想在平庸的生活拥抱你,,,"珈乐",完整, 汉语,,,TRUE,,FALSE,,
A000488,2021.09.08,,,0,244392, 小手拉大手 4.0,,,"乃琳",完整, 汉语,,,TRUE,,FALSE,,
A000489,2021.09.08,,,0,154392, 我要你 2.0,,,"乃琳",完整, 汉语,,,TRUE,,FALSE,,
A000490,2021.09.08,,,0,308016, 我要你 5.0,,,"珈乐",完整, 汉语,,,TRUE,,FALSE,,
A000491,2021.09.08,,,0,316104, 水星记 6.0,,,"乃琳",完整, 汉语,,,TRUE,,FALSE,,
A000492,2021.09.08,,,0,219672, 水母之歌 7.0,,,"向晚",完整, 汉语,,,TRUE,,FALSE,,
A000493,2021.09.09,,,0,156312, 咖喱咖喱,,,"嘉然",完整, 汉语,,,TRUE,,FALSE,,
A000494,2021.09.09,,,0,186264, 我在人民广场吃炸鸡,,,"嘉然",完整, 汉语,,,TRUE,,FALSE,,
A000495,2021.09.10,,,0,249696, Plastic Love,,,"向晚",完整, 英语,,,TRUE,,FALSE,,
A000496,2021.09.10,,,0,302040, 仙儿,,,"珈乐,乃琳",完整, 汉语,,,TRUE,,FALSE,,
A000497,2021.09.10,,,0,321312, 想你的365天 2.0,,,"贝拉",完整, 汉语,,,TRUE,,FALSE,,
A000498,2021.09.10,,,0,282504, 樱花草 2.0,,,"A-SOUL",完整, 汉语,,,TRUE,,FALSE,,
A000499,2021.09.10,,,0,281016, 这世界那么多人,,,"乃琳",完整, 汉语,,,TRUE,,FALSE,,
A000500,2021.09.11,,,0,117480, 恐怖童谣,,,"A-SOUL",完整, 汉语,,,TRUE,,FALSE,,
A000501,2021.09.11,,,0,174000, 通天大道宽又阔,,,"A-SOUL",完整, 汉语,,,TRUE,,FALSE,,
A000502,2021.09.15,,,0,110232, To Someone Loves Me 2.0,,,"向晚",完整, 英语,,,TRUE,,FALSE,,
A000503,2021.09.15,,,0,201528, 一万个舍不得,,,"乃琳",完整, 汉语,,,TRUE,,FALSE,,
A000504,2021.09.15,,,0,277680, 一荤一素,,,"乃琳",完整, 汉语,,,TRUE,,FALSE,,
A000505,2021.09.15,,,0,179424, 咚咚 2.0,,,"向晚",完整, 汉语,,,TRUE,,FALSE,,
A000506,2021.09.15,,,0,163368, 回家 [卡祖笛],,,"珈乐",完整, 汉语,,,TRUE,,FALSE,,
A000507,2021.09.15,,,0,278040, 平凡的一天,,,"乃琳",完整, 汉语,,,TRUE,,FALSE,,
A000508,2021.09.15,,,0,169200, 摇滚一下吧 2.0,,,"向晚",完整, 汉语,,,TRUE,,FALSE,,
A000509,2021.09.15,,,0,217944, 水母之歌 最终版,,,"向晚",完整, 汉语,,,TRUE,,FALSE,,
A000510,2021.09.15,,,0,75288, 海龟之歌 2.0,,,"向晚",完整, 汉语,,,TRUE,,FALSE,,
A000511,2021.09.15,,,0,190056, 爱的魔法 2.0,,,"乃琳",完整, 汉语,,,TRUE,,FALSE,,
A000512,2021.09.15,,,0,393744, 秋意浓,,,"珈乐",完整, 汉语,,,TRUE,,FALSE,,
A000513,2021.09.15,,,0,270192, 至少还有你,,,"乃琳",完整, 汉语,,,TRUE,,FALSE,,
A000514,2021.09.15,,,0,220200, 莫名其妙爱上你,,,"乃琳",完整, 汉语,,,TRUE,,FALSE,,
A000515,2021.09.15,,,0,203184, 酒醉的蝴蝶,,,"乃琳",完整, 汉语,,,TRUE,,FALSE,,
A000516,2021.09.15,,,0,189000, 静止,,,"向晚",完整, 汉语,,,TRUE,,FALSE,,
A000517,2021.09.15,,,0,245520, 风吹麦浪,,,"珈乐",完整, 汉语,,,TRUE,,FALSE,,
A000518,2021.09.15,,,0,292728, 飞鸟和蝉 2.0,,,"珈乐",完整, 汉语,,,TRUE,,FALSE,,
A000519,2021.09.16,,,0,62040, 三只小熊,,,"嘉然",完整, 汉语,,,TRUE,,FALSE,,
A000520,2021.09.16,,,0,245472, 我相信,,,"贝拉",完整, 汉语,,,TRUE,,FALSE,,
A000521,2021.09.16,,,0,93720, 爸爸妈妈去上班我去幼儿园,,,"嘉然",完整, 汉语,,,TRUE,,FALSE,,
A000522,2021.09.17,,,0,227016, 梁山伯与茱丽叶,,,"贝拉,乃琳",完整, 汉语,,,TRUE,,FALSE,,
A000523,2021.09.20,,,0,217104, 私奔到月球,,,"A-SOUL",完整, 汉语,,,TRUE,,FALSE,,
A000524,2021.09.21,,,0,192600, 123我爱你,,,"嘉然,珈乐",完整, 汉语,,,TRUE,,FALSE,,
A000525,2021.09.21,,,0,229704, 一笑倾城,,,"嘉然,乃琳",完整, 汉语,,,TRUE,,FALSE,,
A000526,2021.09.21,,,0,242400, 何必诗债换酒钱,,,"贝拉",完整, 汉语,,,TRUE,,FALSE,,
A000527,2021.09.21,,,0,207672, 只对你有感觉,,,"珈乐,乃琳",完整, 汉语,,,TRUE,,FALSE,,
A000528,2021.09.21,,,0,242352, 小酒窝,,,"向晚,乃琳",完整, 汉语,,,TRUE,,FALSE,,
A000529,2021.09.21,,,0,76704, 开心往前飞,,,"向晚,贝拉",完整, 汉语,,,TRUE,,FALSE,,
A000530,2021.09.21,,,0,236208, 月亮之上,,,"A-SOUL",完整, 汉语,,,TRUE,,FALSE,,
A000531,2021.09.21,,,0,233424, 月光,,,"向晚",完整, 汉语,,,TRUE,,FALSE,,
A000532,2021.09.21,,,0,172464, 空山新雨后,,,"嘉然,乃琳",完整, 汉语,,,TRUE,,FALSE,,
A000533,2021.09.21,,,0,175896, 青城山下白素贞,,,"嘉然,珈乐",完整, 汉语,,,TRUE,,FALSE,,
A000534,2021.09.24,,,0,250248, 年少有为,,,"珈乐",完整, 汉语,,,TRUE,,FALSE,,
A000535,2021.09.24,,,0,181824, 无价之姐,,,"嘉然",完整, 汉语,,,TRUE,,FALSE,,
A000536,2021.09.24,,,0,198168, 猪之歌 3.0,,,"贝拉",完整, 汉语,,,TRUE,,FALSE,,
A000537,2021.09.24,,,0,129360, 痴情玫瑰花,,,"向晚",完整, 汉语,,,TRUE,,FALSE,,
A000538,2021.09.24,,,0,249024, 给我一首歌的时间,,,"珈乐",完整, 汉语,,,TRUE,,FALSE,,
A000539,2021.09.24,,,0,223848, 芥末巧克力,,,"向晚",完整, 汉语,,,TRUE,,FALSE,,
A000540,2021.09.24,,,0,217248, 莫名其妙爱上你 2.0,,,"乃琳",完整, 汉语,,,TRUE,,FALSE,,
A000541,2021.09.24,,,0,204888, 酒醉的蝴蝶 2.0,,,"乃琳",完整, 汉语,,,TRUE,,FALSE,,
A000542,2021.09.25,,,0,188184, 会飞的野马,,,"珈乐",完整, 汉语,,,TRUE,,FALSE,,
A000543,2021.09.25,,,0,232008, 波斯猫,,,"A-SOUL",完整, 汉语,,,TRUE,,FALSE,,
A000544,2021.09.26,,,0,160416, 我是一颗跳跳糖,,,"向晚,贝拉,珈乐,嘉然",完整, 汉语,,,TRUE,,FALSE,,
A000545,2021.09.29,,,0,136032, Wake Me Up When September Ends,,,"向晚",完整, 英语,,,TRUE,,FALSE,,
A000546,2021.09.29,,,0,222216, 这是我一生中最勇敢的瞬间,,,"向晚",完整, 汉语,,,TRUE,,FALSE,,
A000547,2021.09.30,,,0,72984, Schnappi,,,"贝拉",完整, 英语,,,TRUE,,FALSE,,
A000548,2021.09.30,,,0,211464, Звезда,,,"贝拉",完整, 俄语,,,TRUE,,FALSE,,
A000549,2021.09.30,,,0,94512, Катюша,,,"贝拉",完整, 俄语,,,TRUE,,FALSE,,
A000550,2021.09.30,,,0,248976, 神保町哀歌,,,"贝拉",完整, 汉语,,,TRUE,,FALSE,,
A000551,2021.09.30,,,0,278184, 风中奇缘,,,"贝拉",完整, 汉语,,,TRUE,,FALSE,,
A000552,2021.10.04,,,0,252744, 今天你要嫁给我,,,"向晚,贝拉,嘉然",完整, 汉语,,,TRUE,,FALSE,,
A000553,2021.10.04,,,0,90048, 小邋遢,,,"向晚,贝拉,嘉然",完整, 日语,,,TRUE,,FALSE,,
A000554,2021.10.05,,,0,201888, 夜宴风波 2.0,,,"乃琳",完整, 汉语,,,TRUE,,FALSE,,
A000555,2021.10.05,,,0,225048, 如果的事 2.0,,,"贝拉,乃琳",完整, 汉语,,,TRUE,,FALSE,,
A000556,2021.10.05,,,0,204432, 带你去旅行,,,"A-SOUL",完整, 汉语,,,TRUE,,FALSE,,
A000557,2021.10.05,,,0,152520, 我又初恋了,,,"乃琳",完整, 汉语,,,TRUE,,FALSE,,
A000558,2021.10.05,,,0,235320, 旅行的意义 2.0,,,"珈乐,嘉然,乃琳",完整, 汉语,,,TRUE,,FALSE,,
A000559,2021.10.05,,,0,217128, 胡广生 2.0 [预录],,,"珈乐",完整, 汉语,,,TRUE,,FALSE,,
A000560,2021.10.05,,,0,292152, 醉 [预录],,,"乃琳",完整, 汉语,,,TRUE,,FALSE,,
A000561,2021.10.06,,,0,183600, 我的未来式,,,"A-SOUL",完整, 汉语,,,TRUE,,FALSE,,
A000562,2021.10.07,,,0,210672, 向前冲,,,"向晚,贝拉,嘉然,乃琳",完整, 汉语,,,TRUE,,FALSE,,
A000563,2021.10.13,,,0,204960, Lover Boy 88 2.0,,,"向晚",完整, 英语,,,TRUE,,FALSE,,
A000564,2021.10.13,,,0,191448, The Lazy Song 2.0,,,"向晚",完整, 英语,,,TRUE,,FALSE,,
A000565,2021.10.13,,,0,237000, 姗姗 2.0,,,"向晚",完整, 日语,,,TRUE,,FALSE,,
A000566,2021.10.13,,,0,212088, 橘子汽水 2.0,,,"向晚",完整, 汉语,,,TRUE,,FALSE,,
A000567,2021.10.13,,,0,206736, 泡沫美人鱼 [预录],,,"珈乐",完整, 汉语,,,TRUE,,FALSE,,
A000568,2021.10.13,,,0,190584, 猪猪侠 1.5,,,"乃琳",完整, 汉语,,,TRUE,,FALSE,,
A000569,2021.10.13,,,0,236448, 阿拉斯加火锅 [改词],,,"乃琳",完整, 汉语,,,TRUE,,FALSE,,
A000570,2021.10.13,,,0,259440, 隔岸 [预录],,,"珈乐",完整, 汉语,,,TRUE,,FALSE,,
A000571,2021.10.13,,,0,258336, 雨爱,,,"向晚",完整, 汉语,,,TRUE,,FALSE,,
A000572,2021.10.14,,,0,232536, Hurts Like Hell,,,"贝拉",完整, 英语,,,TRUE,,FALSE,,
A000573,2021.10.14,,,0,260088, Oblivious,,,"贝拉",完整, 英语,,,TRUE,,FALSE,,
A000574,2021.10.14,,,0,109992, あったかいんだからぁ 2.0,,,"嘉然",完整, 日语,,,TRUE,,FALSE,,
A000575,2021.10.14,,,0,210288, 哈尼,,,"嘉然",完整, 汉语,,,TRUE,,FALSE,,
A000576,2021.10.14,,,0,190224, 夜车,,,"嘉然",完整, 汉语,,,TRUE,,FALSE,,
A000577,2021.10.14,,,0,345120, 星屑の砂時計,,,"贝拉",完整, 日语,,,TRUE,,FALSE,,
A000578,2021.10.14,,,0,208944, 青春微甜,,,"嘉然",完整, 日语,,,TRUE,,FALSE,,
A000579,2021.10.15,,,0,189984, 赤伶,,,"A-SOUL,朱婧汐",完整, 汉语,,,TRUE,,FALSE,,
A000580,2021.10.16,,,0,206088, Lullaby,,,"嘉然",完整, 英语,,,TRUE,,FALSE,,
A000581,2021.10.16,,,0,250512, Pretty Boy,,,"向晚,贝拉",完整, 英语,,,TRUE,,FALSE,,
A000582,2021.10.16,,,0,226248, 天黑黑,,,"珈乐,乃琳",完整, 汉语,,,TRUE,,FALSE,,
A000583,2021.10.16,,,0,270072, 絆,,,"贝拉",完整, 汉语,,,TRUE,,FALSE,,
A000584,2021.10.20,,,0,62808, Quiet,,,"乃琳",完整, 汉语,,,TRUE,,FALSE,,
A000585,2021.10.20,,,0,220224, 天黑黑 2.0,,,"乃琳",完整, 汉语,,,TRUE,,FALSE,,
A000586,2021.10.20,,,0,172296, 失恋阵线联盟 2.0,,,"珈乐",完整, 汉语,,,TRUE,,FALSE,,
A000587,2021.10.20,,,0,152040, 我又初恋了 2.0,,,"乃琳",完整, 汉语,,,TRUE,,FALSE,,
A000588,2021.10.20,,,0,220248, 自娱自乐,,,"乃琳",完整, 汉语,,,TRUE,,FALSE,,
A000589,2021.10.20,,,0,216264, 莫名其妙爱上你 3.0,,,"乃琳",完整, 汉语,,,TRUE,,FALSE,,
A000590,2021.10.20,,,0,252096, 迷迭香 4.0,,,"乃琳",完整, 汉语,,,TRUE,,FALSE,,
A000591,2021.10.21,,,0,155256, 咖喱咖喱 2.0,,,"嘉然",完整, 汉语,,,TRUE,,FALSE,,
A000592,2021.10.21,,,0,186072, 我在人民广场吃炸鸡 2.0,,,"嘉然",完整, 汉语,,,TRUE,,FALSE,,
A000593,2021.10.21,,,0,200544, 提拉米苏,,,"嘉然",完整, 汉语,,,TRUE,,FALSE,,
A000594,2021.10.21,,,0,206064, 牛奶面包,,,"嘉然",完整, 汉语,,,TRUE,,FALSE,,
A000595,2021.10.22,,,0,141096, Believer,,,"贝拉",完整, 英语,,,TRUE,,FALSE,,
A000596,2021.10.22,,,0,222912, Sunshine Girl 2.0,,,"向晚,贝拉",完整, 英语,,,TRUE,,FALSE,,
A000597,2021.10.22,,,0,246312, 下雨天 2.0,,,"向晚",完整, 汉语,,,TRUE,,FALSE,,
A000598,2021.10.22,,,0,235608, 旅行的意义 3.0,,,"珈乐,嘉然,乃琳",完整, 汉语,,,TRUE,,FALSE,,
A000599,2021.10.22,,,0,235032, 月亮之上 2.0,,,"向晚,珈乐",完整, 汉语,,,TRUE,,FALSE,,
A000600,2021.10.22,,,0,222624, 痒,,,"贝拉,乃琳",完整, 日语,,,TRUE,,FALSE,,
A000601,2021.10.22,,,0,205080, 被驯服的象,,,"乃琳",完整, 汉语,,,TRUE,,FALSE,,
A000602,2021.10.22,,,0,285528, 鱼,,,"嘉然",完整, 汉语,,,TRUE,,FALSE,,
A000603,2021.10.23,,,0,215712, Bye Bye,,,"A-SOUL",完整, 英语,,,TRUE,,FALSE,,
A000604,2021.10.24,,,0,174936, 咚咚 3.0,,,"向晚,嘉然,乃琳",完整, 汉语,,,TRUE,,FALSE,,
A000605,2021.10.24,,,0,57192, 咚咚 3.5,,,"向晚,嘉然,乃琳",完整, 汉语,,,TRUE,,FALSE,,
A000606,2021.10.27,,,0,187992, Call Me Maybe,,,"向晚",完整, 英语,,,TRUE,,FALSE,,
A000607,2021.10.27,,,0,224304, 겨울아이,,,"向晚",完整, 英语,,,TRUE,,FALSE,,
A000608,2021.10.27,,,0,148272, 芥末巧克力 2.0,,,"向晚",完整, 汉语,,,TRUE,,FALSE,,
A000609,2021.10.27,,,0,139656, 解药,,,"贝拉",完整, 汉语,,,TRUE,,FALSE,,
A000610,2021.10.28,,,0,290088, 七里香 2.0,,,"嘉然,乃琳",完整, 汉语,,,TRUE,,FALSE,,
A000611,2021.10.28,,,0,232704, 云烟成雨 [小狼生日快乐2.0],,,"嘉然,乃琳",完整, 汉语,,,TRUE,,FALSE,,
A000612,2021.10.28,,,0,208608, 只对你有感觉 2.0,,,"嘉然,乃琳",完整, 汉语,,,TRUE,,FALSE,,
A000613,2021.10.28,,,0,224376, 私奔到月球 2.0,,,"嘉然,乃琳",完整, 汉语,,,TRUE,,FALSE,,
A000614,2021.10.29,,,0,242016, Goodnight Moon,,,"向晚",完整, 英语,,,TRUE,,FALSE,,
A000615,2021.10.29,,,0,308040, Zombie,,,"贝拉",完整, 英语,,,TRUE,,FALSE,,
A000616,2021.10.29,,,0,234672, 威廉古堡,,,"A-SOUL",完整, 汉语,,,TRUE,,FALSE,,
A000617,2021.10.29,,,0,236712, 红玫瑰 2.0,,,"乃琳",完整, 汉语,,,TRUE,,FALSE,,
A000618,2021.10.30,,,0,160560, 摇滚一下吧 3.0,,,"向晚,嘉然,乃琳",完整, 汉语,,,TRUE,,FALSE,,
A000619,2021.10.30,,,0,197064, 青柠 3.0,,,"向晚,嘉然,乃琳",完整, 日语,,,TRUE,,FALSE,,
A000620,2021.11.02,,,0,180912, Undo [预录],,,"珈乐",完整, 汉语,,,TRUE,,FALSE,,
A000621,2021.11.02,,,0,273744, 千千阙歌,,,"珈乐",完整, 汉语,,,TRUE,,FALSE,,
A000622,2021.11.02,,,0,175872, 大哥你好吗,,,"乃琳",完整, 汉语,,,TRUE,,FALSE,,
A000623,2021.11.02,,,0,235416, 大笨钟 3.0 [新ED],,,"珈乐",完整, 汉语,,,TRUE,,FALSE,,
A000624,2021.11.02,,,0,102936, 天涯歌女 [改词ver.],,,"珈乐",完整, 汉语,,,TRUE,,FALSE,,
A000625,2021.11.02,,,0,169872, 我要你 6.0,,,"珈乐",完整, 汉语,,,TRUE,,FALSE,,
A000626,2021.11.02,,,0,190440, 把耳朵叫醒,,,"珈乐",完整, 汉语,,,TRUE,,FALSE,,
A000627,2021.11.02,,,0,108864, 晚安小狼堡,,,"珈乐",完整, 汉语,,,TRUE,,FALSE,,
A000628,2021.11.02,,,0,234288, 溯 2.0,,,"珈乐",完整, 汉语,,,TRUE,,FALSE,,
A000629,2021.11.02,,,0,252936, 霓虹甜心 2.0,,,"A-SOUL",完整, 汉语,,,TRUE,,FALSE,,
A000630,2021.11.03,,,0,250032, 下雨天,,,"贝拉kira",完整, 汉语,,,TRUE,,FALSE,,
A000631,2021.11.03,,,0,261048, 不可思议,,,"贝拉kira",完整, 汉语,,,TRUE,,FALSE,,
A000632,2021.11.03,,,0,231024, 云烟成雨,,,"贝拉kira",完整, 汉语,,,TRUE,,FALSE,,
A000633,2021.11.03,,,0,93024, 冰淇淋,,,"乃琳",完整, 汉语,,,TRUE,,FALSE,,
A000634,2021.11.03,,,0,127032, 小精灵,,,"向晚",完整, 汉语,,,TRUE,,FALSE,,
A000635,2021.11.03,,,0,106032, 当一切结束时,,,"向晚",完整, 汉语,,,TRUE,,FALSE,,
A000636,2021.11.03,,,0,175032, 想见你想见你想见你,,,"向晚",完整, 汉语,,,TRUE,,FALSE,,
A000637,2021.11.03,,,0,127032, 热恋冰淇淋,,,"乃琳",完整, 汉语,,,TRUE,,FALSE,,
A000638,2021.11.03,,,0,231024, 狐狸,,,"乃琳",完整, 汉语,,,TRUE,,FALSE,,
A000639,2021.11.03,,,0,208032, 猪猪侠 2.0,,,"乃琳",完整, 汉语,,,TRUE,,FALSE,,
A000640,2021.11.03,,,0,248040, 红色高跟鞋,,,"贝拉kira",完整, 汉语,,,TRUE,,FALSE,,
A000641,2021.11.03,,,0,293016, 花海 2.0,,,"向晚,乃琳",完整, 汉语,,,TRUE,,FALSE,,
A000642,2021.11.03,,,0,146016, 花海,,,"向晚,乃琳",完整, 汉语,,,TRUE,,FALSE,,
A000643,2021.11.03,,,0,214032, 走马,,,"向晚",完整, 汉语,,,TRUE,,FALSE,,
A000644,2021.11.03,,,0,250008, 迷迭香,,,"贝拉kira",完整, 汉语,,,TRUE,,FALSE,,
A000645,2021.11.03,,,0,287040, 鱼,,,"乃琳",完整, 汉语,,,TRUE,,FALSE,,
A000646,2021.11.04,,,0,240888, 万有引力 5.0,,,"嘉然",完整, 汉语,,,TRUE,,FALSE,,
A000647,2021.11.06,,,0,255720, Snow Halation,,,"向晚",完整, 英语,,,TRUE,,FALSE,,
A000648,2021.11.06,,,0,94152, 冬天里的一把火,,,"-SOUL",完整, 汉语,,,TRUE,,FALSE,,
A000649,2021.11.09,,,0,178440, 魂然天成,,,"A-SOUL",完整, 汉语,,,TRUE,,FALSE,,
A000650,2021.11.10,,,0,234984, 一剪梅 [feat.乃琳],,,"向晚",完整, 汉语,,,TRUE,,FALSE,,
A000651,2021.11.10,,,0,287640, 小情歌,,,"珈乐",完整, 汉语,,,TRUE,,FALSE,,
A000652,2021.11.10,,,0,275208, 平凡的一天 2.0,,,"乃琳",完整, 汉语,,,TRUE,,FALSE,,
A000653,2021.11.10,,,0,267216, 扉をあけて,,,"向晚",完整, 日语,,,TRUE,,FALSE,,
A000654,2021.11.10,,,0,311832, 漠河舞厅,,,"珈乐",完整, 汉语,,,TRUE,,FALSE,,
A000655,2021.11.10,,,0,184104, 给我一个吻 2.0,,,"乃琳",完整, 汉语,,,TRUE,,FALSE,,
A000656,2021.11.10,,,0,310296, 舒伯特玫瑰 [合唱素材],,,"乃琳",完整, 汉语,,,TRUE,,FALSE,,
A000657,2021.11.11,,,0,206352, Lullaby 2.0,,,"嘉然",完整, 英语,,,TRUE,,FALSE,,
A000658,2021.11.11,,,0,117936, Unravel,,,"贝拉",完整, 英语,,,TRUE,,FALSE,,
A000659,2021.11.11,,,0,227928, YOU&IDOL,,,"嘉然",完整, 英语,,,TRUE,,FALSE,,
A000660,2021.11.11,,,0,54552, ドラえもんのうた,,,"贝拉",完整, 日语,,,TRUE,,FALSE,,
A000661,2021.11.11,,,0,179160, 想想念念,,,"嘉然",完整, 汉语,,,TRUE,,FALSE,,
A000662,2021.11.11,,,0,299880, 暁の車 2.0,,,"贝拉",完整, 日语,,,TRUE,,FALSE,,
A000663,2021.11.11,,,0,202032, 暗恋 2.0,,,"嘉然",完整, 日语,,,TRUE,,FALSE,,
A000664,2021.11.11,,,0,332160, 素敵だね 3.0,,,"嘉然",完整, 日语,,,TRUE,,FALSE,,
A000665,2021.11.11,,,0,362376, 鳥の詩 2.0,,,"贝拉",完整, 日语,,,TRUE,,FALSE,,
A000666,2021.11.12,,,0,296664, 青春纪念册,,,"A-SOUL",完整, 汉语,,,TRUE,,FALSE,,
A000667,2021.11.13,,,0,106344, Sweets Parade,,,"嘉然",完整, 英语,,,TRUE,,FALSE,,
A000668,2021.11.13,,,0,171600, 健康歌,,,"贝拉",完整, 汉语,,,TRUE,,FALSE,,
A000669,2021.11.13,,,0,173472, 彩虹的微笑 4.0,,,"A-SOUL",完整, 汉语,,,TRUE,,FALSE,,
A000670,2021.11.13,,,0,290136, 快乐老家 2.0,,,"乃琳",完整, 汉语,,,TRUE,,FALSE,,
A000671,2021.11.13,,,0,80328, 无敌,,,"向晚,乃琳",完整, 日语,,,TRUE,,FALSE,,
A000672,2021.11.14,,,0,90144, Sweets Parade 2.0,,,"嘉然",完整, 英语,,,TRUE,,FALSE,,
A000673,2021.11.14,,,0,167760, 吵架歌 2.0,,,"嘉然,乃琳",完整, 汉语,,,TRUE,,FALSE,,
A000674,2021.11.14,,,0,194784, 小星星,,,"向晚,嘉然,乃琳",完整, 汉语,,,TRUE,,FALSE,,
A000675,2021.11.14,,,0,253848, 想变成一切美好的事物,,,"向晚,乃琳",完整, 汉语,,,TRUE,,FALSE,,
A000676,2021.11.14,,,0,207720, 牛奶面包 2.0,,,"向晚,嘉然",完整, 汉语,,,TRUE,,FALSE,,
A000677,2021.11.14,,,0,165432, 童年,,,"向晚,嘉然,乃琳",完整, 汉语,,,TRUE,,FALSE,,
A000678,2021.11.17,,,0,279648, Baby Don’t Cry,,,"珈乐",完整, 英语,,,TRUE,,FALSE,,
A000679,2021.11.17,,,0,286080, I Believe 2.0,,,"珈乐",完整, 英语,,,TRUE,,FALSE,,
A000680,2021.11.17,,,0,257688, Plastic Love 2.0,,,"向晚",完整, 英语,,,TRUE,,FALSE,,
A000681,2021.11.17,,,0,245088, 你快乐所以我快乐,,,"珈乐",完整, 汉语,,,TRUE,,FALSE,,
A000682,2021.11.17,,,0,62352, 小情歌 2.0,,,"向晚",完整, 汉语,,,TRUE,,FALSE,,
A000683,2021.11.17,,,0,285552, 花房姑娘,,,"珈乐",完整, 汉语,,,TRUE,,FALSE,,
A000684,2021.11.18,,,0,227952, Piano Dust,,,"嘉然",完整, 英语,,,TRUE,,FALSE,,
A000685,2021.11.18,,,0,240480, Wonderful U 2.0,,,"贝拉,乃琳",完整, 英语,,,TRUE,,FALSE,,
A000686,2021.11.18,,,0,192264, 夜车 2.0,,,"嘉然",完整, 汉语,,,TRUE,,FALSE,,
A000687,2021.11.18,,,0,202128, 我喜欢上你时的内心活动 2.0,,,"嘉然",完整, 汉语,,,TRUE,,FALSE,,
A000688,2021.11.19,,,0,163464, 虫儿飞 2.0,,,"向晚,贝拉,嘉然,乃琳",完整, 汉语,,,TRUE,,FALSE,,
A000689,2021.11.20,,,0,258504, 宠爱 4.0,,,"嘉然,乃琳",完整, 汉语,,,TRUE,,FALSE,,
A000690,2021.11.20,,,0,155544, 小年兽 2.0,,,"嘉然",完整, 汉语,,,TRUE,,FALSE,,
A000691,2021.11.20,,,0,68712, 情非得已 2.0,,,"向晚,嘉然",完整, 汉语,,,TRUE,,FALSE,,
A000692,2021.11.20,,,0,235080, 我的月光,,,"贝拉",完整, 汉语,,,TRUE,,FALSE,,
A000693,2021.11.20,,,0,281064, 樱花草 3.0,,,"向晚,贝拉",完整, 汉语,,,TRUE,,FALSE,,
A000694,2021.11.20,,,0,74904, 樱花草 4.0,,,"向晚,嘉然",完整, 汉语,,,TRUE,,FALSE,,
A000695,2021.11.20,,,0,210648, 私奔到月球 3.0,,,"向晚,贝拉,嘉然,乃琳",完整, 汉语,,,TRUE,,FALSE,,
A000696,2021.11.20,,,0,265080, 简单爱,,,"向晚",完整, 汉语,,,TRUE,,FALSE,,
A000697,2021.11.24,,,0,235104, The Legend Of Ashitaka 2.0,,,"乃琳",完整, 英语,,,TRUE,,FALSE,,
A000698,2021.11.24,,,0,246144, 兰亭序,,,"珈乐",完整, 汉语,,,TRUE,,FALSE,,
A000699,2021.11.24,,,0,226632, 晴天,,,"珈乐",完整, 汉语,,,TRUE,,FALSE,,
A000700,2021.11.24,,,0,276864, 给电影人的情书,,,"乃琳",完整, 汉语,,,TRUE,,FALSE,,
A000701,2021.11.25,,,0,248856, ありがとう,,,"贝拉",完整, 日语,,,TRUE,,FALSE,,
A000702,2021.11.25,,,0,253416, 亲爱的那不是爱情,,,"贝拉",完整, 汉语,,,TRUE,,FALSE,,
A000703,2021.11.25,,,0,147552, 嘉然只要八块两毛半 (续),,,"向晚,嘉然",完整, 汉语,,,TRUE,,FALSE,,
A000704,2021.11.25,,,0,106224, 嘉然只要八块两毛半,,,"向晚,嘉然",完整, 汉语,,,TRUE,,FALSE,,
A000705,2021.11.25,,,0,79656, 开心往前飞 2.0,,,"贝拉",完整, 汉语,,,TRUE,,FALSE,,
A000706,2021.11.25,,,0,230064, 旅行的意义 4.0,,,"向晚,嘉然",完整, 汉语,,,TRUE,,FALSE,,
A000707,2021.11.25,,,0,205272, 月亮代表我的心,,,"贝拉",完整, 汉语,,,TRUE,,FALSE,,
A000708,2021.11.25,,,0,149616, 爱你 4.0,,,"向晚,嘉然",完整, 汉语,,,TRUE,,FALSE,,
A000709,2021.11.25,,,0,220920, 甜美过滤,,,"向晚",完整, 汉语,,,TRUE,,FALSE,,
A000710,2021.11.26,,,0,226128, 同桌的你 3.0,,,"A-SOUL",完整, 汉语,,,TRUE,,FALSE,,
A000711,2021.11.27,,,0,196176, Forever奥特曼,,,"贝拉",完整, 汉语,,,TRUE,,FALSE,,
A000712,2021.11.27,,,0,207216, 告白气球,,,"向晚,嘉然",完整, 汉语,,,TRUE,,FALSE,,
A000713,2021.11.27,,,0,268248, 外面的世界,,,"珈乐",完整, 汉语,,,TRUE,,FALSE,,
A000714,2021.11.27,,,0,208128, 学猫叫 2.0,,,"向晚,嘉然,乃琳",完整, 汉语,,,TRUE,,FALSE,,
A000715,2021.11.27,,,0,189720, 我在人民广场吃炸鸡,,,"珈乐",完整, 汉语,,,TRUE,,FALSE,,
A000716,2021.11.27,,,0,203208, 淋雨一直走,,,"向晚",完整, 汉语,,,TRUE,,FALSE,,
A000717,2021.11.27,,,0,214872, 爱你 6.0,,,"A-SOUL",完整, 汉语,,,TRUE,,FALSE,,
A000718,2021.11.27,,,0,207432, 猪猪侠 3.0,,,"嘉然,乃琳",完整, 汉语,,,TRUE,,FALSE,,
A000719,2021.11.27,,,0,253440, 羞答答的玫瑰静悄悄地开 3.0,,,"乃琳",完整, 汉语,,,TRUE,,FALSE,,
A000720,2021.11.27,,,0,171120, 走过咖啡屋 2.0,,,"贝拉",完整, 汉语,,,TRUE,,FALSE,,
A000721,2021.11.28,,,0,195408, 所有人都在玩手机 2.0,,,"珈乐",完整, 汉语,,,TRUE,,FALSE,,
A000722,2021.12.01,,,0,252456, Blue Moon,,,"向晚",完整, 英语,,,TRUE,,FALSE,,
A000723,2021.12.01,,,0,315072, Brave Song 2.0,,,"向晚",完整, 英语,,,TRUE,,FALSE,,
A000724,2021.12.01,,,0,234168, ふわふわ時間 3.0,,,"向晚",完整, 日语,,,TRUE,,FALSE,,
A000725,2021.12.01,,,0,206160, 别再闹了,,,"乃琳",完整, 汉语,,,TRUE,,FALSE,,
A000726,2021.12.01,,,0,226008, 動物園は大変だ,,,"向晚",完整, 日语,,,TRUE,,FALSE,,
A000727,2021.12.01,,,0,251064, 恋爱サーキュレーション,,,"向晚",完整, 日语,,,TRUE,,FALSE,,
A000728,2021.12.01,,,0,317592, 漠河舞厅 2.0,,,"珈乐",完整, 汉语,,,TRUE,,FALSE,,
A000729,2021.12.01,,,0,274128, 萱草花,,,"乃琳",完整, 汉语,,,TRUE,,FALSE,,
A000730,2021.12.01,,,0,247272, 那么骄傲 2.0,,,"珈乐",完整, 汉语,,,TRUE,,FALSE,,
A000731,2021.12.02,,,0,182664, Fly Me To The Moon 2.0,,,"贝拉",完整, 英语,,,TRUE,,FALSE,,
A000732,2021.12.02,,,0,250560, Scarborough Fair 2.0,,,"贝拉",完整, 英语,,,TRUE,,FALSE,,
A000733,2021.12.02,,,0,98712, Катюша 2.0,,,"贝拉",完整, 俄语,,,TRUE,,FALSE,,
A000734,2021.12.02,,,0,196104, 이쁘다니까 2.0,,,"嘉然",完整, 英语,,,TRUE,,FALSE,,
A000735,2021.12.02,,,0,192984, 熬夜上瘾,,,"贝拉",完整, 汉语,,,TRUE,,FALSE,,
A000736,2021.12.04,,,0,193512, Oz.,,,"向晚",完整, 英语,,,TRUE,,FALSE,,
A000737,2021.12.04,,,0,207744, 他的猫,,,"珈乐,嘉然",完整, 汉语,,,TRUE,,FALSE,,
A000738,2021.12.04,,,0,253080, 想变成一切美好的事物 2.0,,,"向晚,乃琳",完整, 汉语,,,TRUE,,FALSE,,
A000739,2021.12.04,,,0,248880, 我只在乎你 2.0,,,"贝拉,珈乐",完整, 汉语,,,TRUE,,FALSE,,
A000740,2021.12.04,,,0,261720, 我要我们在一起,,,"珈乐",完整, 汉语,,,TRUE,,FALSE,,
A000741,2021.12.04,,,0,210072, 给女孩 2.0,,,"乃琳",完整, 汉语,,,TRUE,,FALSE,,
A000742,2021.12.08,,,0,280056, 光年之外,,,"向晚,珈乐",完整, 汉语,,,TRUE,,FALSE,,
A000743,2021.12.08,,,0,139776, 小情歌 3.0,,,"向晚,珈乐",完整, 汉语,,,TRUE,,FALSE,,
A000744,2021.12.08,,,0,193584, 星空剪影 2.0,,,"贝拉,乃琳",完整, 汉语,,,TRUE,,FALSE,,
A000745,2021.12.08,,,0,100416, 花房姑娘 2.0,,,"向晚,珈乐",完整, 汉语,,,TRUE,,FALSE,,
A000746,2021.12.08,,,0,277944, 花海 3.0,,,"向晚,珈乐",完整, 汉语,,,TRUE,,FALSE,,
A000747,2021.12.08,,,0,247320, 远走高飞 2.0,,,"贝拉,嘉然,乃琳",完整, 汉语,,,TRUE,,FALSE,,
A000748,2021.12.08,,,0,291000, 逝去的歌 2.0,,,"向晚,珈乐",完整, 汉语,,,TRUE,,FALSE,,
A000749,2021.12.08,,,0,271368, 鱼 2.0,,,"向晚,珈乐",完整, 汉语,,,TRUE,,FALSE,,
A000750,2021.12.11,,,0,259320, 刀马旦,,,"珈乐",完整, 汉语,,,TRUE,,FALSE,,
A000751,2021.12.11,,,0,739056, 国风歌曲串烧,,,"A-SOUL",完整, 汉语,,,TRUE,,FALSE,,
A000752,2021.12.11,,,0,296976, 在水一方 2.0,,,"珈乐,乃琳",完整, 汉语,,,TRUE,,FALSE,,
A000753,2021.12.11,,,0,214872, 成员单曲Remix,,,"珈乐",完整, 汉语,,,TRUE,,FALSE,,
A000754,2021.12.11,,,0,305160, 朋友,,,"A-SOUL",完整, 汉语,,,TRUE,,FALSE,,
A000755,2021.12.11,,,0,186576, 沧海一声笑,,,"向晚",完整, 汉语,,,TRUE,,FALSE,,
A000756,2021.12.11,,,0,194856, 藏,,,"向晚,贝拉,嘉然",完整, 日语,,,TRUE,,FALSE,,
A000757,2021.12.15,,,0,281568, Baby Don’t Cry 2.0,,,"珈乐",完整, 英语,,,TRUE,,FALSE,,
A000758,2021.12.15,,,0,231936, 云烟成雨 6.0,,,"珈乐",完整, 汉语,,,TRUE,,FALSE,,
A000759,2021.12.15,,,0,233832, 缘起,,,"乃琳",完整, 汉语,,,TRUE,,FALSE,,
A000760,2021.12.15,,,0,240096, 金风玉露·夜语迟 2.0,,,"乃琳",完整, 汉语,,,TRUE,,FALSE,,
A000761,2021.12.15,,,0,271416, 霓虹甜心 3.0,,,"珈乐",完整, 汉语,,,TRUE,,FALSE,,
A000762,2021.12.16,,,0,203856, 微风,,,"嘉然",完整, 汉语,,,TRUE,,FALSE,,
A000763,2021.12.16,,,0,141336, 新贵妃醉酒,,,"贝拉",完整, 汉语,,,TRUE,,FALSE,,
A000764,2021.12.16,,,0,242232, 然有引力,,,"嘉然",完整, 汉语,,,TRUE,,FALSE,,
A000765,2021.12.16,,,0,139152, 猫中毒 2.0,,,"嘉然",完整, 汉语,,,TRUE,,FALSE,,
A000766,2021.12.16,,,0,150576, 画心,,,"贝拉",完整, 汉语,,,TRUE,,FALSE,,
A000767,2021.12.17,,,0,243144, 千年之恋,,,"贝拉,珈乐,嘉然,乃琳",完整, 汉语,,,TRUE,,FALSE,,
A000768,2021.12.18,,,0,283224, AvA去哪儿,,,"A-SOUL",完整, 汉语,,,TRUE,,FALSE,,
A000769,2021.12.18,,,0,154392, Smile,,,"贝拉",完整, 英语,,,TRUE,,FALSE,,
A000770,2021.12.18,,,0,164952, 你笑起来真好看,,,"珈乐",完整, 汉语,,,TRUE,,FALSE,,
A000771,2021.12.18,,,0,185976, 别看我只是一只羊,,,"珈乐",完整, 汉语,,,TRUE,,FALSE,,
A000772,2021.12.18,,,0,235512, 哈哈哈忘词王游戏 （月亮之上）,,,"贝拉,珈乐,嘉然,乃琳",完整, 汉语,,,TRUE,,FALSE,,
A000773,2021.12.18,,,0,628536, 哈哈忘词王游戏 （冬天里的一把火）,,,"贝拉,珈乐,嘉然,乃琳",完整, 汉语,,,TRUE,,FALSE,,
A000774,2021.12.18,,,0,201864, 哈哈忘词王游戏 (樱花草、渡情),,,"贝拉,珈乐,嘉然,乃琳",完整, 汉语,,,TRUE,,FALSE,,
A000775,2021.12.18,,,0,166896, 哈鹿哈鹿哈鹿,,,"乃琳",完整, 汉语,,,TRUE,,FALSE,,
A000776,2021.12.18,,,0,170112, 彩虹的微笑 5.0,,,"嘉然",完整, 汉语,,,TRUE,,FALSE,,
A000777,2021.12.18,,,0,190824, 爱的魔法 2.0,,,"嘉然",完整, 汉语,,,TRUE,,FALSE,,
A000778,2021.12.18,,,0,226056, 阳光彩虹小白马,,,"乃琳",完整, 汉语,,,TRUE,,FALSE,,
A000779,2021.12.19,,,0,181464, Ba Ba Ba,,,"贝拉",完整, 英语,,,TRUE,,FALSE,,
A000780,2021.12.19,,,0,214992, 不怕不怕,,,"珈乐",完整, 汉语,,,TRUE,,FALSE,,
A000781,2021.12.19,,,0,152160, 阳光男孩阳光女孩 2.0,,,"嘉然",完整, 汉语,,,TRUE,,FALSE,,
A000782,2021.12.22,,,0,276120, 流光记,,,"乃琳",完整, 汉语,,,TRUE,,FALSE,,
A000783,2021.12.22,,,0,240048, 红色高跟鞋 3.0,,,"珈乐",完整, 汉语,,,TRUE,,FALSE,,
A000784,2021.12.22,,,0,240072, 缘起 2.0,,,"乃琳",完整, 汉语,,,TRUE,,FALSE,,
A000785,2021.12.22,,,0,195192, 草莓与狼,,,"珈乐",完整, 汉语,,,TRUE,,FALSE,,
A000786,2021.12.22,,,0,271536, 象牙舟,,,"珈乐",完整, 汉语,,,TRUE,,FALSE,,
A000787,2021.12.22,,,0,111528, 靠近,,,"乃琳",完整, 汉语,,,TRUE,,FALSE,,
A000788,2021.12.23,,,0,204240, 恋爱画板 2.0,,,"嘉然",完整, 汉语,,,TRUE,,FALSE,,
A000789,2021.12.24,,,0,233760, 祝你平安,,,"贝拉,珈乐,嘉然",完整, 汉语,,,TRUE,,FALSE,,
A000790,2021.12.25,,,0,276168, 圣诞结,,,"珈乐",完整, 汉语,,,TRUE,,FALSE,,
A000791,2021.12.25,,,0,260448, 就是爱你,,,"贝拉,珈乐,嘉然,乃琳",完整, 汉语,,,TRUE,,FALSE,,
A000792,2021.12.25,,,0,191520, 犯错,,,"贝拉,珈乐",完整, 汉语,,,TRUE,,FALSE,,
A000793,2021.12.29,,,0,219216, 你听得到,,,"向晚",完整, 汉语,,,TRUE,,FALSE,,
A000794,2021.12.29,,,0,168816, 向晚宇宙,,,"向晚",完整, 汉语,,,TRUE,,FALSE,,
A000795,2021.12.29,,,0,215064, 小情歌 4.0,,,"向晚",完整, 汉语,,,TRUE,,FALSE,,
A000796,2021.12.29,,,0,151512, 小精灵 2.0,,,"向晚",完整, 汉语,,,TRUE,,FALSE,,
A000797,2021.12.29,,,0,258936, 彩虹 2.0,,,"向晚",完整, 汉语,,,TRUE,,FALSE,,
A000798,2021.12.29,,,0,222984, 心跳的证明 2.0,,,"向晚",完整, 汉语,,,TRUE,,FALSE,,
A000799,2021.12.29,,,0,169536, 我喜欢上你时的内心活动,,,"向晚",完整, 汉语,,,TRUE,,FALSE,,
A000800,2021.12.29,,,0,143016, 晴天 2.0,,,"向晚",完整, 汉语,,,TRUE,,FALSE,,
A000801,2021.12.29,,,0,240720, 那时正好,,,"向晚",完整, 汉语,,,TRUE,,FALSE,,
A000802,2021.12.30,,,0,196128, 山海入梦来,,,"贝拉",完整, 汉语,,,TRUE,,FALSE,,
A000803,2021.12.30,,,0,195696, 熬夜上瘾 2.0,,,"嘉然",完整, 汉语,,,TRUE,,FALSE,,
A000804,2021.12.31,,,0,220056, Hello Hello,,,"向晚",完整, 英语,,,TRUE,,FALSE,,
A000805,2021.12.31,,,0,187776, 人间惊鸿客,,,"贝拉",完整, 汉语,,,TRUE,,FALSE,,
A000806,2021.12.31,,,0,159720, 小年兽 3.0,,,"嘉然",完整, 汉语,,,TRUE,,FALSE,,
A000807,2021.12.31,,,0,254664, 小幸运 3.0,,,"A-SOUL",完整, 汉语,,,TRUE,,FALSE,,
A000808,2021.12.31,,,0,238104, 小永远 3.0,,,"乃琳",完整, 汉语,,,TRUE,,FALSE,,
A000809,2021.12.31,,,0,204768, 桃花朵朵开 2.0,,,"珈乐",完整, 汉语,,,TRUE,,FALSE,,
A000810,2021.12.31,,,0,202776, 桃花笑,,,"乃琳",完整, 汉语,,,TRUE,,FALSE,,
A000811,2021.12.31,,,0,282264, 蜀绣,,,"乃琳",完整, 汉语,,,TRUE,,FALSE,,
